{
    "batches": {
        "batch_1": {
            "tp": 279,
            "fp": 150,
            "fn": 84,
            "recall": 0.768595041322314,
            "precision": 0.6503496503496503,
            "f1": 0.7045454545454546
        },
        "batch_2": {
            "tp": 387,
            "fp": 256,
            "fn": 110,
            "recall": 0.778672032193159,
            "precision": 0.6018662519440124,
            "f1": 0.6789473684210526
        },
        "batch_3": {
            "tp": 602,
            "fp": 360,
            "fn": 150,
            "recall": 0.800531914893617,
            "precision": 0.6257796257796258,
            "f1": 0.7024504084014003
        },
        "batch_4": {
            "tp": 748,
            "fp": 471,
            "fn": 206,
            "recall": 0.7840670859538784,
            "precision": 0.6136177194421657,
            "f1": 0.6884491486424299
        },
        "batch_5": {
            "tp": 955,
            "fp": 573,
            "fn": 260,
            "recall": 0.7860082304526749,
            "precision": 0.625,
            "f1": 0.6963179001093692
        },
        "batch_6": {
            "tp": 1177,
            "fp": 703,
            "fn": 331,
            "recall": 0.7805039787798409,
            "precision": 0.6260638297872341,
            "f1": 0.6948051948051948
        },
        "batch_7": {
            "tp": 1349,
            "fp": 808,
            "fn": 403,
            "recall": 0.7699771689497716,
            "precision": 0.6254056560037089,
            "f1": 0.6902020977232028
        },
        "batch_8": {
            "tp": 1572,
            "fp": 942,
            "fn": 461,
            "recall": 0.7732415150024594,
            "precision": 0.6252983293556086,
            "f1": 0.6914449087310315
        },
        "batch_9": {
            "tp": 1766,
            "fp": 1087,
            "fn": 527,
            "recall": 0.770170082860881,
            "precision": 0.6189975464423414,
            "f1": 0.6863583365720948
        },
        "batch_10": {
            "tp": 1907,
            "fp": 1224,
            "fn": 587,
            "recall": 0.7646351242983159,
            "precision": 0.6090705844778026,
            "f1": 0.6780444444444446
        },
        "batch_11": {
            "tp": 2034,
            "fp": 1344,
            "fn": 653,
            "recall": 0.7569780424264979,
            "precision": 0.6021314387211367,
            "f1": 0.6707337180544105
        },
        "batch_12": {
            "tp": 2185,
            "fp": 1488,
            "fn": 707,
            "recall": 0.7555325034578146,
            "precision": 0.5948815682003812,
            "f1": 0.6656511805026657
        },
        "batch_13": {
            "tp": 2423,
            "fp": 1612,
            "fn": 742,
            "recall": 0.765560821484992,
            "precision": 0.6004956629491945,
            "f1": 0.6730555555555556
        },
        "batch_14": {
            "tp": 2648,
            "fp": 1790,
            "fn": 793,
            "recall": 0.7695437372856728,
            "precision": 0.5966651644885084,
            "f1": 0.6721665185937302
        },
        "batch_15": {
            "tp": 2878,
            "fp": 2013,
            "fn": 879,
            "recall": 0.7660367314346553,
            "precision": 0.58842772439174,
            "f1": 0.6655874190564292
        },
        "batch_16": {
            "tp": 3142,
            "fp": 2220,
            "fn": 998,
            "recall": 0.7589371980676328,
            "precision": 0.5859753823200299,
            "f1": 0.6613344559040202
        },
        "batch_17": {
            "tp": 3427,
            "fp": 2393,
            "fn": 1088,
            "recall": 0.7590254706533777,
            "precision": 0.5888316151202749,
            "f1": 0.6631833575229802
        },
        "batch_18": {
            "tp": 3591,
            "fp": 2547,
            "fn": 1142,
            "recall": 0.7587154024931333,
            "precision": 0.5850439882697948,
            "f1": 0.6606567933032839
        },
        "batch_19": {
            "tp": 3761,
            "fp": 2672,
            "fn": 1187,
            "recall": 0.7601050929668552,
            "precision": 0.5846416912793408,
            "f1": 0.6609261049116948
        },
        "batch_20": {
            "tp": 3883,
            "fp": 2787,
            "fn": 1235,
            "recall": 0.758694802657288,
            "precision": 0.5821589205397302,
            "f1": 0.658805564981337
        },
        "batch_21": {
            "tp": 3974,
            "fp": 2915,
            "fn": 1266,
            "recall": 0.7583969465648855,
            "precision": 0.5768616635215561,
            "f1": 0.6552889768323853
        },
        "batch_22": {
            "tp": 4059,
            "fp": 3000,
            "fn": 1288,
            "recall": 0.7591172620160838,
            "precision": 0.5750106247343817,
            "f1": 0.6543607931645977
        },
        "batch_23": {
            "tp": 4110,
            "fp": 3080,
            "fn": 1311,
            "recall": 0.7581627006087438,
            "precision": 0.5716272600834492,
            "f1": 0.6518119102370946
        },
        "batch_24": {
            "tp": 4178,
            "fp": 3155,
            "fn": 1329,
            "recall": 0.758670782640276,
            "precision": 0.5697531705986636,
            "f1": 0.6507788161993768
        },
        "batch_25": {
            "tp": 4194,
            "fp": 3227,
            "fn": 1335,
            "recall": 0.7585458491589799,
            "precision": 0.565152944347123,
            "f1": 0.6477220077220077
        },
        "batch_26": {
            "tp": 4233,
            "fp": 3291,
            "fn": 1354,
            "recall": 0.7576516914265259,
            "precision": 0.5625996810207337,
            "f1": 0.6457173365875982
        },
        "batch_27": {
            "tp": 4298,
            "fp": 3335,
            "fn": 1368,
            "recall": 0.7585598305683021,
            "precision": 0.5630813572645094,
            "f1": 0.6463643882998721
        },
        "batch_28": {
            "tp": 4367,
            "fp": 3395,
            "fn": 1396,
            "recall": 0.7577650529238243,
            "precision": 0.5626127286781757,
            "f1": 0.6457670979667282
        },
        "batch_29": {
            "tp": 4411,
            "fp": 3476,
            "fn": 1408,
            "recall": 0.7580340264650284,
            "precision": 0.5592747559274756,
            "f1": 0.6436597110754415
        },
        "batch_30": {
            "tp": 4479,
            "fp": 3618,
            "fn": 1441,
            "recall": 0.7565878378378378,
            "precision": 0.5531678399407188,
            "f1": 0.6390811157879718
        },
        "batch_31": {
            "tp": 4586,
            "fp": 3806,
            "fn": 1473,
            "recall": 0.7568905760026406,
            "precision": 0.5464728312678742,
            "f1": 0.6346965607916407
        },
        "batch_32": {
            "tp": 4674,
            "fp": 3905,
            "fn": 1502,
            "recall": 0.756800518134715,
            "precision": 0.5448187434432917,
            "f1": 0.6335479498475093
        },
        "batch_33": {
            "tp": 4747,
            "fp": 3981,
            "fn": 1543,
            "recall": 0.7546899841017488,
            "precision": 0.5438817598533455,
            "f1": 0.6321747236649353
        },
        "batch_34": {
            "tp": 4809,
            "fp": 4090,
            "fn": 1555,
            "recall": 0.755656819610308,
            "precision": 0.5403977975053377,
            "f1": 0.6301513463932386
        },
        "batch_35": {
            "tp": 4908,
            "fp": 4171,
            "fn": 1561,
            "recall": 0.7586953161230484,
            "precision": 0.5405881705033594,
            "f1": 0.6313352199639825
        },