{
    "batches": {
        "batch_1": {
            "tp": 198,
            "fp": 103,
            "fn": 70,
            "recall": 0.7388059701492538,
            "precision": 0.6578073089700996,
            "f1": 0.6959578207381372
        },
        "batch_2": {
            "tp": 443,
            "fp": 243,
            "fn": 137,
            "recall": 0.7637931034482759,
            "precision": 0.6457725947521866,
            "f1": 0.6998420221169037
        },
        "batch_3": {
            "tp": 659,
            "fp": 361,
            "fn": 210,
            "recall": 0.7583429228998849,
            "precision": 0.6460784313725491,
            "f1": 0.6977236633139227
        },
        "batch_4": {
            "tp": 920,
            "fp": 467,
            "fn": 294,
            "recall": 0.7578253706754531,
            "precision": 0.6633020908435472,
            "f1": 0.7074202229911573
        },
        "batch_5": {
            "tp": 1050,
            "fp": 630,
            "fn": 382,
            "recall": 0.7332402234636871,
            "precision": 0.625,
            "f1": 0.6748071979434448
        },
        "batch_6": {
            "tp": 1115,
            "fp": 728,
            "fn": 427,
            "recall": 0.7230869001297017,
            "precision": 0.6049918610960391,
            "f1": 0.6587887740029542
        },
        "batch_7": {
            "tp": 1321,
            "fp": 848,
            "fn": 502,
            "recall": 0.7246297312122875,
            "precision": 0.6090364223144306,
            "f1": 0.6618236472945892
        },
        "batch_8": {
            "tp": 1563,
            "fp": 1006,
            "fn": 564,
            "recall": 0.7348377997179125,
            "precision": 0.608407940833009,
            "f1": 0.6656729131175468
        },
        "batch_9": {
            "tp": 1793,
            "fp": 1207,
            "fn": 650,
            "recall": 0.7339336880884159,
            "precision": 0.5976666666666667,
            "f1": 0.6588278522873415
        },
        "batch_10": {
            "tp": 1992,
            "fp": 1416,
            "fn": 730,
            "recall": 0.7318148420279207,
            "precision": 0.5845070422535211,
            "f1": 0.6499184339314845
        },
        "batch_11": {
            "tp": 2192,
            "fp": 1544,
            "fn": 774,
            "recall": 0.7390424814565071,
            "precision": 0.5867237687366167,
            "f1": 0.6541330945986272
        },
        "batch_12": {
            "tp": 2285,
            "fp": 1613,
            "fn": 799,
            "recall": 0.7409208819714657,
            "precision": 0.586198050282196,
            "f1": 0.6545402463477513
        },
        "batch_13": {
            "tp": 2411,
            "fp": 1729,
            "fn": 836,
            "recall": 0.7425315676008624,
            "precision": 0.5823671497584542,
            "f1": 0.6527683768782997
        },
        "batch_14": {
            "tp": 2545,
            "fp": 1838,
            "fn": 868,
            "recall": 0.7456782888953999,
            "precision": 0.5806525211042665,
            "f1": 0.6528989225243714
        },
        "batch_15": {
            "tp": 2796,
            "fp": 1970,
            "fn": 939,
            "recall": 0.7485943775100402,
            "precision": 0.5866554762903903,
            "f1": 0.6578049641218681
        },
        "batch_16": {
            "tp": 2992,
            "fp": 2105,
            "fn": 999,
            "recall": 0.7496867952894012,
            "precision": 0.5870119678242103,
            "f1": 0.658450704225352
        },
        "batch_17": {
            "tp": 3038,
            "fp": 2310,
            "fn": 1006,
            "recall": 0.7512363996043522,
            "precision": 0.5680628272251309,
            "f1": 0.6469335604770017
        },
        "batch_18": {
            "tp": 3181,
            "fp": 2416,
            "fn": 1048,
            "recall": 0.7521872783163869,
            "precision": 0.568340182240486,
            "f1": 0.6474659067779361
        },
        "batch_19": {
            "tp": 3319,
            "fp": 2542,
            "fn": 1105,
            "recall": 0.7502260397830018,
            "precision": 0.5662856167889438,
            "f1": 0.6454059309674283
        },
        "batch_20": {
            "tp": 3500,
            "fp": 2646,
            "fn": 1124,
            "recall": 0.7569204152249135,
            "precision": 0.5694760820045558,
            "f1": 0.6499535747446611
        },
        "batch_21": {
            "tp": 3580,
            "fp": 2756,
            "fn": 1166,
            "recall": 0.7543194268857986,
            "precision": 0.5650252525252525,
            "f1": 0.6460927630391625
        },
        "batch_22": {
            "tp": 3587,
            "fp": 2823,
            "fn": 1170,
            "recall": 0.7540466680681102,
            "precision": 0.559594383775351,
            "f1": 0.6424285842213665
        },
        "batch_23": {
            "tp": 3697,
            "fp": 2927,
            "fn": 1239,
            "recall": 0.7489870340356564,
            "precision": 0.5581219806763285,
            "f1": 0.6396193771626297
        },
        "batch_24": {
            "tp": 3814,
            "fp": 2999,
            "fn": 1280,
            "recall": 0.7487239890066745,
            "precision": 0.5598121238808161,
            "f1": 0.6406315612664819
        },
        "batch_25": {
            "tp": 3879,
            "fp": 3056,
            "fn": 1309,
            "recall": 0.7476869699306091,
            "precision": 0.5593366979091564,
            "f1": 0.6399406087602079
        },
        "batch_26": {
            "tp": 3996,
            "fp": 3127,
            "fn": 1345,
            "recall": 0.7481744991574611,
            "precision": 0.560999578829145,
            "f1": 0.6412066752246469
        },
        "batch_27": {
            "tp": 4125,
            "fp": 3187,
            "fn": 1384,
            "recall": 0.7487747322563079,
            "precision": 0.5641411378555798,
            "f1": 0.6434755479291787
        },
        "batch_28": {
            "tp": 4178,
            "fp": 3236,
            "fn": 1412,
            "recall": 0.7474060822898032,
            "precision": 0.5635284596708929,
            "f1": 0.6425715164564749
        },
        "batch_29": {
            "tp": 4230,
            "fp": 3309,
            "fn": 1440,
            "recall": 0.746031746031746,
            "precision": 0.5610823716673299,
            "f1": 0.6404724051782875
        },
        "batch_30": {
            "tp": 4273,
            "fp": 3383,
            "fn": 1454,
            "recall": 0.7461148943600489,
            "precision": 0.5581243469174504,
            "f1": 0.6385713218261975
        },
        "batch_31": {
            "tp": 4321,
            "fp": 3432,
            "fn": 1469,
            "recall": 0.746286701208981,
            "precision": 0.5573326454275764,
            "f1": 0.6381156316916488
        },
        "batch_32": {
            "tp": 4508,
            "fp": 3543,
            "fn": 1500,
            "recall": 0.7503328894806924,
            "precision": 0.5599304434231772,
            "f1": 0.6412973895725157
        },
        "batch_33": {
            "tp": 4661,
            "fp": 3674,
            "fn": 1541,
            "recall": 0.7515317639471139,
            "precision": 0.5592081583683264,
            "f1": 0.6412602325101465
        },
        "batch_34": {
            "tp": 4825,
            "fp": 3838,
            "fn": 1615,
            "recall": 0.7492236024844721,
            "precision": 0.5569664088652891,
            "f1": 0.6389459047871284
        },
        "batch_35": {
            "tp": 4883,
            "fp": 3931,
            "fn": 1637,
            "recall": 0.7489263803680981,
            "precision": 0.5540049920580894,
            "f1": 0.6368853528107473
        },