{
    "batches": {
        "batch_1": {
            "tp": 273,
            "fp": 297,
            "fn": 80,
            "recall": 0.773371104815864,
            "precision": 0.4789473684210526,
            "f1": 0.5915492957746479
        },
        "batch_2": {
            "tp": 385,
            "fp": 554,
            "fn": 98,
            "recall": 0.7971014492753623,
            "precision": 0.410010649627263,
            "f1": 0.541490857946554
        },
        "batch_3": {
            "tp": 581,
            "fp": 816,
            "fn": 138,
            "recall": 0.808066759388039,
            "precision": 0.41589119541875447,
            "f1": 0.5491493383742911
        },
        "batch_4": {
            "tp": 736,
            "fp": 1084,
            "fn": 185,
            "recall": 0.7991313789359392,
            "precision": 0.4043956043956044,
            "f1": 0.5370302809193725
        },
        "batch_5": {
            "tp": 955,
            "fp": 1365,
            "fn": 225,
            "recall": 0.809322033898305,
            "precision": 0.41163793103448276,
            "f1": 0.5457142857142857
        },
        "batch_6": {
            "tp": 1181,
            "fp": 1683,
            "fn": 291,
            "recall": 0.8023097826086957,
            "precision": 0.4123603351955307,
            "f1": 0.5447416974169742
        },
        "batch_7": {
            "tp": 1369,
            "fp": 1986,
            "fn": 339,
            "recall": 0.8015222482435597,
            "precision": 0.40804769001490315,
            "f1": 0.540786095200474
        },
        "batch_8": {
            "tp": 1574,
            "fp": 2322,
            "fn": 402,
            "recall": 0.7965587044534413,
            "precision": 0.4040041067761807,
            "f1": 0.5361035422343324
        },
        "batch_9": {
            "tp": 1772,
            "fp": 2651,
            "fn": 453,
            "recall": 0.7964044943820224,
            "precision": 0.40063305448790415,
            "f1": 0.5330926594464501
        },
        "batch_10": {
            "tp": 1914,
            "fp": 3030,
            "fn": 500,
            "recall": 0.7928748964374482,
            "precision": 0.3871359223300971,
            "f1": 0.5202500679532482
        },
        "batch_11": {
            "tp": 2039,
            "fp": 3386,
            "fn": 558,
            "recall": 0.7851366961879092,
            "precision": 0.37585253456221196,
            "f1": 0.5083520319122413
        },
        "batch_12": {
            "tp": 2210,
            "fp": 3720,
            "fn": 593,
            "recall": 0.7884409561184446,
            "precision": 0.37268128161888703,
            "f1": 0.5061261880224436
        },
        "batch_13": {
            "tp": 2420,
            "fp": 4109,
            "fn": 645,
            "recall": 0.7895595432300163,
            "precision": 0.3706540052075356,
            "f1": 0.5044819678966019
        },
        "batch_14": {
            "tp": 2640,
            "fp": 4502,
            "fn": 698,
            "recall": 0.7908927501497903,
            "precision": 0.36964435732287876,
            "f1": 0.5038167938931297
        },
        "batch_15": {
            "tp": 2859,
            "fp": 4873,
            "fn": 784,
            "recall": 0.7847927532253637,
            "precision": 0.369762027935851,
            "f1": 0.5026813186813187
        },
        "batch_16": {
            "tp": 3083,
            "fp": 5306,
            "fn": 923,
            "recall": 0.7695956065901148,
            "precision": 0.3675050661580641,
            "f1": 0.49745865268253325
        },
        "batch_17": {
            "tp": 3352,
            "fp": 5668,
            "fn": 1018,
            "recall": 0.7670480549199085,
            "precision": 0.3716186252771619,
            "f1": 0.50067214339059
        },
        "batch_18": {
            "tp": 3528,
            "fp": 5961,
            "fn": 1061,
            "recall": 0.7687949444323382,
            "precision": 0.371798925071135,
            "f1": 0.501207557891746
        },
        "batch_19": {
            "tp": 3688,
            "fp": 6303,
            "fn": 1107,
            "recall": 0.7691345151199166,
            "precision": 0.36913221899709736,
            "f1": 0.498850263763019
        },
        "batch_20": {
            "tp": 3809,
            "fp": 6571,
            "fn": 1150,
            "recall": 0.7680984069368825,
            "precision": 0.3669556840077071,
            "f1": 0.49664254514635897
        },
        "batch_21": {
            "tp": 3901,
            "fp": 6820,
            "fn": 1174,
            "recall": 0.7686699507389163,
            "precision": 0.36386531107172837,
            "f1": 0.4939225120283617
        },
        "batch_22": {
            "tp": 3988,
            "fp": 7124,
            "fn": 1191,
            "recall": 0.770032824869666,
            "precision": 0.35889128869690423,
            "f1": 0.4895954821680682
        },
        "batch_23": {
            "tp": 4041,
            "fp": 7338,
            "fn": 1205,
            "recall": 0.7703011818528402,
            "precision": 0.3551278671236488,
            "f1": 0.48613533834586464
        },
        "batch_24": {
            "tp": 4112,
            "fp": 7492,
            "fn": 1219,
            "recall": 0.7713374601388108,
            "precision": 0.35436056532230265,
            "f1": 0.4856214939474461
        },
        "batch_25": {
            "tp": 4130,
            "fp": 7659,
            "fn": 1224,
            "recall": 0.7713858797161001,
            "precision": 0.35032657562134195,
            "f1": 0.48182931808901597
        },
        "batch_26": {
            "tp": 4175,
            "fp": 7866,
            "fn": 1237,
            "recall": 0.7714338507021434,
            "precision": 0.346731999003405,
            "f1": 0.4784277774594626
        },
        "batch_27": {
            "tp": 4240,
            "fp": 8041,
            "fn": 1245,
            "recall": 0.773017319963537,
            "precision": 0.3452487582444426,
            "f1": 0.477316221997073
        },
        "batch_28": {
            "tp": 4320,
            "fp": 8251,
            "fn": 1262,
            "recall": 0.773916159082766,
            "precision": 0.34364807891178106,
            "f1": 0.47595438770451165
        },
        "batch_29": {
            "tp": 4369,
            "fp": 8488,
            "fn": 1269,
            "recall": 0.7749201844625754,
            "precision": 0.3398148868320759,
            "f1": 0.4724520140578534
        },
        "batch_30": {
            "tp": 4436,
            "fp": 8803,
            "fn": 1301,
            "recall": 0.7732264249607809,
            "precision": 0.33507062466953697,
            "f1": 0.4675379426644181
        },
        "batch_31": {
            "tp": 4537,
            "fp": 9185,
            "fn": 1330,
            "recall": 0.7733083347537072,
            "precision": 0.33063693339163386,
            "f1": 0.463219153606616
        },
        "batch_32": {
            "tp": 4625,
            "fp": 9449,
            "fn": 1350,
            "recall": 0.7740585774058577,
            "precision": 0.32862015063237177,
            "f1": 0.46136964437129035
        },
        "batch_33": {
            "tp": 4701,
            "fp": 9762,
            "fn": 1375,
            "recall": 0.7736998025016458,
            "precision": 0.32503629952292057,
            "f1": 0.45776327961439217
        },
        "batch_34": {
            "tp": 4767,
            "fp": 10017,
            "fn": 1384,
            "recall": 0.7749959356202244,
            "precision": 0.3224431818181818,
            "f1": 0.45540960114640555
        },
        "batch_35": {
            "tp": 4860,
            "fp": 10225,
            "fn": 1398,
            "recall": 0.7766059443911792,
            "precision": 0.32217434537620154,