{
    "batches": {
        "batch_1": {
            "tp": 205,
            "fp": 238,
            "fn": 51,
            "recall": 0.80078125,
            "precision": 0.46275395033860045,
            "f1": 0.5865522174535049
        },
        "batch_2": {
            "tp": 460,
            "fp": 506,
            "fn": 109,
            "recall": 0.8084358523725835,
            "precision": 0.47619047619047616,
            "f1": 0.5993485342019544
        },
        "batch_3": {
            "tp": 673,
            "fp": 845,
            "fn": 169,
            "recall": 0.7992874109263658,
            "precision": 0.44334650856389984,
            "f1": 0.5703389830508474
        },
        "batch_4": {
            "tp": 942,
            "fp": 1238,
            "fn": 237,
            "recall": 0.7989821882951654,
            "precision": 0.43211009174311926,
            "f1": 0.5608812146472165
        },
        "batch_5": {
            "tp": 1101,
            "fp": 1612,
            "fn": 293,
            "recall": 0.7898134863701578,
            "precision": 0.4058238112790269,
            "f1": 0.5361577794010226
        },
        "batch_6": {
            "tp": 1176,
            "fp": 1913,
            "fn": 326,
            "recall": 0.7829560585885486,
            "precision": 0.38070573000971186,
            "f1": 0.5123066869962971
        },
        "batch_7": {
            "tp": 1381,
            "fp": 2201,
            "fn": 389,
            "recall": 0.7802259887005649,
            "precision": 0.38553880513679506,
            "f1": 0.5160687593423018
        },
        "batch_8": {
            "tp": 1595,
            "fp": 2515,
            "fn": 461,
            "recall": 0.7757782101167315,
            "precision": 0.3880778588807786,
            "f1": 0.5173532273759325
        },
        "batch_9": {
            "tp": 1797,
            "fp": 2909,
            "fn": 564,
            "recall": 0.761118170266836,
            "precision": 0.38185295367615807,
            "f1": 0.5085609169378802
        },
        "batch_10": {
            "tp": 1987,
            "fp": 3295,
            "fn": 642,
            "recall": 0.7558006846709776,
            "precision": 0.37618326391518364,
            "f1": 0.5023385159903931
        },
        "batch_11": {
            "tp": 2182,
            "fp": 3552,
            "fn": 680,
            "recall": 0.7624039133473096,
            "precision": 0.3805371468433903,
            "f1": 0.5076779897626803
        },
        "batch_12": {
            "tp": 2277,
            "fp": 3880,
            "fn": 703,
            "recall": 0.7640939597315436,
            "precision": 0.36982296573006335,
            "f1": 0.4984130458575024
        },
        "batch_13": {
            "tp": 2405,
            "fp": 4139,
            "fn": 739,
            "recall": 0.7649491094147582,
            "precision": 0.3675122249388753,
            "f1": 0.49649050371593717
        },
        "batch_14": {
            "tp": 2536,
            "fp": 4410,
            "fn": 764,
            "recall": 0.7684848484848484,
            "precision": 0.3651022171033688,
            "f1": 0.4950224477845013
        },
        "batch_15": {
            "tp": 2769,
            "fp": 4722,
            "fn": 832,
            "recall": 0.7689530685920578,
            "precision": 0.3696435722867441,
            "f1": 0.499278759466282
        },
        "batch_16": {
            "tp": 2960,
            "fp": 5065,
            "fn": 877,
            "recall": 0.7714360177221787,
            "precision": 0.36884735202492214,
            "f1": 0.49907266902714553
        },
        "batch_17": {
            "tp": 3008,
            "fp": 5512,
            "fn": 882,
            "recall": 0.7732647814910025,
            "precision": 0.3530516431924883,
            "f1": 0.4847703464947623
        },
        "batch_18": {
            "tp": 3147,
            "fp": 5830,
            "fn": 928,
            "recall": 0.7722699386503068,
            "precision": 0.3505625487356578,
            "f1": 0.48222494636837265
        },
        "batch_19": {
            "tp": 3286,
            "fp": 6035,
            "fn": 983,
            "recall": 0.7697353010072616,
            "precision": 0.3525372814075743,
            "f1": 0.4835908756438558
        },
        "batch_20": {
            "tp": 3465,
            "fp": 6405,
            "fn": 1003,
            "recall": 0.7755147717099373,
            "precision": 0.35106382978723405,
            "f1": 0.4833310085088576
        },
        "batch_21": {
            "tp": 3541,
            "fp": 6719,
            "fn": 1049,
            "recall": 0.7714596949891067,
            "precision": 0.34512670565302145,
            "f1": 0.47690235690235694
        },
        "batch_22": {
            "tp": 3550,
            "fp": 7031,
            "fn": 1052,
            "recall": 0.7714037375054325,
            "precision": 0.3355070409224081,
            "f1": 0.467628268458144
        },
        "batch_23": {
            "tp": 3640,
            "fp": 7347,
            "fn": 1124,
            "recall": 0.764063811922754,
            "precision": 0.3313006280149267,
            "f1": 0.4621928766427528
        },
        "batch_24": {
            "tp": 3739,
            "fp": 7566,
            "fn": 1166,
            "recall": 0.7622833843017329,
            "precision": 0.33073861123396725,
            "f1": 0.46132017273288095
        },
        "batch_25": {
            "tp": 3803,
            "fp": 7782,
            "fn": 1191,
            "recall": 0.7615138165798959,
            "precision": 0.3282693137678032,
            "f1": 0.45877314675191516
        },
        "batch_26": {
            "tp": 3926,
            "fp": 8002,
            "fn": 1216,
            "recall": 0.763516141579152,
            "precision": 0.32914151576123407,
            "f1": 0.45998828353837146
        },
        "batch_27": {
            "tp": 4059,
            "fp": 8204,
            "fn": 1245,
            "recall": 0.7652714932126696,
            "precision": 0.33099567805594066,
            "f1": 0.46211646837820913
        },
        "batch_28": {
            "tp": 4124,
            "fp": 8410,
            "fn": 1261,
            "recall": 0.7658310120705664,
            "precision": 0.32902505185894365,
            "f1": 0.46029354316647136
        },
        "batch_29": {
            "tp": 4179,
            "fp": 8609,
            "fn": 1287,
            "recall": 0.7645444566410537,
            "precision": 0.3267907413199875,
            "f1": 0.45787224717870056
        },
        "batch_30": {
            "tp": 4224,
            "fp": 8823,
            "fn": 1306,
            "recall": 0.7638336347197107,
            "precision": 0.3237525868015636,
            "f1": 0.4547558809280293
        },
        "batch_31": {
            "tp": 4272,
            "fp": 9059,
            "fn": 1321,
            "recall": 0.7638119077418202,
            "precision": 0.32045607981396745,
            "f1": 0.4514901712111604
        },
        "batch_32": {
            "tp": 4453,
            "fp": 9318,
            "fn": 1352,
            "recall": 0.7670973298880276,
            "precision": 0.3233606854985114,
            "f1": 0.454944830404577
        },
        "batch_33": {
            "tp": 4594,
            "fp": 9671,
            "fn": 1396,
            "recall": 0.7669449081803005,
            "precision": 0.32204696810375044,
            "f1": 0.4536163910145643
        },
        "batch_34": {
            "tp": 4756,
            "fp": 10005,
            "fn": 1465,
            "recall": 0.7645073139366662,
            "precision": 0.32220039292730845,
            "f1": 0.45334095891716714
        },
        "batch_35": {
            "tp": 4817,
            "fp": 10184,
            "fn": 1486,
            "recall": 0.7642392511502459,
            "precision": 0.3211119258716086,