{
    "batches": {
        "batch_1": {
            "tp": 161,
            "fp": 78,
            "fn": 107,
            "recall": 0.6007462686567164,
            "precision": 0.6736401673640168,
            "f1": 0.6351084812623276
        },
        "batch_2": {
            "tp": 199,
            "fp": 107,
            "fn": 123,
            "recall": 0.6180124223602484,
            "precision": 0.6503267973856209,
            "f1": 0.6337579617834395
        },
        "batch_3": {
            "tp": 372,
            "fp": 212,
            "fn": 234,
            "recall": 0.6138613861386139,
            "precision": 0.636986301369863,
            "f1": 0.6252100840336134
        },
        "batch_4": {
            "tp": 577,
            "fp": 305,
            "fn": 371,
            "recall": 0.6086497890295358,
            "precision": 0.6541950113378685,
            "f1": 0.6306010928961748
        },
        "batch_5": {
            "tp": 677,
            "fp": 410,
            "fn": 492,
            "recall": 0.5791274593669803,
            "precision": 0.6228150873965042,
            "f1": 0.600177304964539
        },
        "batch_6": {
            "tp": 727,
            "fp": 489,
            "fn": 551,
            "recall": 0.5688575899843505,
            "precision": 0.5978618421052632,
            "f1": 0.5829991980753809
        },
        "batch_7": {
            "tp": 881,
            "fp": 578,
            "fn": 679,
            "recall": 0.5647435897435897,
            "precision": 0.6038382453735435,
            "f1": 0.5836369658827426
        },
        "batch_8": {
            "tp": 1041,
            "fp": 644,
            "fn": 821,
            "recall": 0.5590762620837809,
            "precision": 0.6178041543026707,
            "f1": 0.5869749083732733
        },
        "batch_9": {
            "tp": 1153,
            "fp": 711,
            "fn": 1037,
            "recall": 0.5264840182648401,
            "precision": 0.6185622317596566,
            "f1": 0.5688209176122347
        },
        "batch_10": {
            "tp": 1288,
            "fp": 815,
            "fn": 1186,
            "recall": 0.5206143896523848,
            "precision": 0.6124583927722301,
            "f1": 0.5628140703517588
        },
        "batch_11": {
            "tp": 1463,
            "fp": 909,
            "fn": 1252,
            "recall": 0.5388581952117864,
            "precision": 0.616779089376054,
            "f1": 0.5751916650285039
        },
        "batch_12": {
            "tp": 1539,
            "fp": 959,
            "fn": 1297,
            "recall": 0.5426657263751763,
            "precision": 0.6160928742994396,
            "f1": 0.577052868391451
        },
        "batch_13": {
            "tp": 1659,
            "fp": 1056,
            "fn": 1340,
            "recall": 0.5531843947982661,
            "precision": 0.611049723756906,
            "f1": 0.5806790339516976
        },
        "batch_14": {
            "tp": 1779,
            "fp": 1134,
            "fn": 1389,
            "recall": 0.5615530303030303,
            "precision": 0.6107106076210093,
            "f1": 0.5851011346817958
        },
        "batch_15": {
            "tp": 2000,
            "fp": 1265,
            "fn": 1498,
            "recall": 0.5717552887364208,
            "precision": 0.6125574272588055,
            "f1": 0.5914534969688008
        },
        "batch_16": {
            "tp": 2175,
            "fp": 1378,
            "fn": 1580,
            "recall": 0.5792276964047937,
            "precision": 0.6121587390937236,
            "f1": 0.5952380952380953
        },
        "batch_17": {
            "tp": 2210,
            "fp": 1447,
            "fn": 1598,
            "recall": 0.5803571428571429,
            "precision": 0.6043204812687996,
            "f1": 0.592096450100469
        },
        "batch_18": {
            "tp": 2311,
            "fp": 1502,
            "fn": 1688,
            "recall": 0.5778944736184046,
            "precision": 0.6060844479412536,
            "f1": 0.5916538658474143
        },
        "batch_19": {
            "tp": 2405,
            "fp": 1577,
            "fn": 1787,
            "recall": 0.5737118320610687,
            "precision": 0.6039678553490708,
            "f1": 0.5884511866895034
        },
        "batch_20": {
            "tp": 2544,
            "fp": 1643,
            "fn": 1848,
            "recall": 0.5792349726775956,
            "precision": 0.6075949367088608,
            "f1": 0.5930761160974473
        },
        "batch_21": {
            "tp": 2597,
            "fp": 1690,
            "fn": 1918,
            "recall": 0.5751937984496124,
            "precision": 0.6057849311873105,
            "f1": 0.5900931606453078
        },
        "batch_22": {
            "tp": 2606,
            "fp": 1734,
            "fn": 1921,
            "recall": 0.5756571681024961,
            "precision": 0.6004608294930875,
            "f1": 0.5877974512236382
        },
        "batch_23": {
            "tp": 2700,
            "fp": 1827,
            "fn": 2007,
            "recall": 0.5736137667304015,
            "precision": 0.5964214711729622,
            "f1": 0.5847953216374269
        },
        "batch_24": {
            "tp": 2806,
            "fp": 1886,
            "fn": 2061,
            "recall": 0.5765358537086501,
            "precision": 0.5980392156862745,
            "f1": 0.5870906998640025
        },
        "batch_25": {
            "tp": 2853,
            "fp": 1933,
            "fn": 2108,
            "recall": 0.575085668212054,
            "precision": 0.5961136648558295,
            "f1": 0.5854108956602031
        },
        "batch_26": {
            "tp": 2935,
            "fp": 1985,
            "fn": 2179,
            "recall": 0.5739147438404381,
            "precision": 0.5965447154471545,
            "f1": 0.5850109627267291
        },
        "batch_27": {
            "tp": 3028,
            "fp": 2051,
            "fn": 2256,
            "recall": 0.5730507191521574,
            "precision": 0.5961803504626895,
            "f1": 0.5843867605905626
        },
        "batch_28": {
            "tp": 3081,
            "fp": 2089,
            "fn": 2286,
            "recall": 0.5740637227501397,
            "precision": 0.5959381044487427,
            "f1": 0.5847964316219039
        },
        "batch_29": {
            "tp": 3123,
            "fp": 2133,
            "fn": 2328,
            "recall": 0.5729223995597138,
            "precision": 0.5941780821917808,
            "f1": 0.5833566825441299
        },
        "batch_30": {
            "tp": 3148,
            "fp": 2158,
            "fn": 2370,
            "recall": 0.5704965567234506,
            "precision": 0.5932906143987938,
            "f1": 0.581670362158167
        },
        "batch_31": {
            "tp": 3190,
            "fp": 2184,
            "fn": 2392,
            "recall": 0.5714797563597277,
            "precision": 0.5935988090807592,
            "f1": 0.5823293172690763
        },
        "batch_32": {
            "tp": 3321,
            "fp": 2247,
            "fn": 2489,
            "recall": 0.5716006884681584,
            "precision": 0.5964439655172413,
            "f1": 0.5837581297240289
        },
        "batch_33": {
            "tp": 3440,
            "fp": 2319,
            "fn": 2564,
            "recall": 0.5729513657561626,
            "precision": 0.5973259246396944,
            "f1": 0.5848848082972031
        },
        "batch_34": {
            "tp": 3572,
            "fp": 2405,
            "fn": 2693,
            "recall": 0.5701516360734238,
            "precision": 0.597624226200435,
            "f1": 0.5835647769972226
        },
        "batch_35": {
            "tp": 3630,
            "fp": 2457,
            "fn": 2730,
            "recall": 0.5707547169811321,
            "precision": 0.5963528831936915,
            "f1": 0.5832730778500843
        },