{
    "batches": {
        "batch_1": {
            "tp": 199,
            "fp": 136,
            "fn": 163,
            "recall": 0.5497237569060773,
            "precision": 0.5940298507462687,
            "f1": 0.5710186513629842
        },
        "batch_2": {
            "tp": 297,
            "fp": 214,
            "fn": 196,
            "recall": 0.6024340770791075,
            "precision": 0.5812133072407045,
            "f1": 0.5916334661354581
        },
        "batch_3": {
            "tp": 479,
            "fp": 307,
            "fn": 269,
            "recall": 0.6403743315508021,
            "precision": 0.6094147582697201,
            "f1": 0.6245110821382007
        },
        "batch_4": {
            "tp": 608,
            "fp": 418,
            "fn": 344,
            "recall": 0.6386554621848739,
            "precision": 0.5925925925925926,
            "f1": 0.6147623862487361
        },
        "batch_5": {
            "tp": 789,
            "fp": 512,
            "fn": 431,
            "recall": 0.6467213114754098,
            "precision": 0.606456571867794,
            "f1": 0.6259420864736215
        },
        "batch_6": {
            "tp": 971,
            "fp": 630,
            "fn": 541,
            "recall": 0.6421957671957672,
            "precision": 0.6064959400374765,
            "f1": 0.623835528429168
        },
        "batch_7": {
            "tp": 1120,
            "fp": 716,
            "fn": 639,
            "recall": 0.6367254121660034,
            "precision": 0.6100217864923747,
            "f1": 0.623087621696801
        },
        "batch_8": {
            "tp": 1255,
            "fp": 830,
            "fn": 794,
            "recall": 0.6124938994631528,
            "precision": 0.6019184652278178,
            "f1": 0.6071601354620223
        },
        "batch_9": {
            "tp": 1395,
            "fp": 945,
            "fn": 919,
            "recall": 0.6028522039757995,
            "precision": 0.5961538461538461,
            "f1": 0.5994843145681136
        },
        "batch_10": {
            "tp": 1506,
            "fp": 1032,
            "fn": 1007,
            "recall": 0.599283724631914,
            "precision": 0.5933806146572104,
            "f1": 0.5963175608790338
        },
        "batch_11": {
            "tp": 1603,
            "fp": 1127,
            "fn": 1107,
            "recall": 0.5915129151291513,
            "precision": 0.5871794871794872,
            "f1": 0.5893382352941177
        },
        "batch_12": {
            "tp": 1728,
            "fp": 1234,
            "fn": 1187,
            "recall": 0.5927958833619211,
            "precision": 0.5833896016205267,
            "f1": 0.5880551301684533
        },
        "batch_13": {
            "tp": 1907,
            "fp": 1369,
            "fn": 1281,
            "recall": 0.598180677540778,
            "precision": 0.5821123321123322,
            "f1": 0.5900371287128713
        },
        "batch_14": {
            "tp": 2062,
            "fp": 1514,
            "fn": 1407,
            "recall": 0.5944076102623235,
            "precision": 0.5766219239373602,
            "f1": 0.5853797019162527
        },
        "batch_15": {
            "tp": 2190,
            "fp": 1596,
            "fn": 1601,
            "recall": 0.5776839883935637,
            "precision": 0.5784469096671949,
            "f1": 0.5780651973076415
        },
        "batch_16": {
            "tp": 2336,
            "fp": 1697,
            "fn": 1839,
            "recall": 0.5595209580838323,
            "precision": 0.5792214232581205,
            "f1": 0.5692007797270955
        },
        "batch_17": {
            "tp": 2530,
            "fp": 1812,
            "fn": 2026,
            "recall": 0.5553116769095698,
            "precision": 0.5826807922616306,
            "f1": 0.5686671162058891
        },
        "batch_18": {
            "tp": 2678,
            "fp": 1902,
            "fn": 2127,
            "recall": 0.5573361082206035,
            "precision": 0.5847161572052402,
            "f1": 0.5706979222163027
        },
        "batch_19": {
            "tp": 2794,
            "fp": 1986,
            "fn": 2220,
            "recall": 0.5572397287594735,
            "precision": 0.5845188284518829,
            "f1": 0.5705534000408413
        },
        "batch_20": {
            "tp": 2902,
            "fp": 2076,
            "fn": 2282,
            "recall": 0.5597993827160493,
            "precision": 0.5829650462032945,
            "f1": 0.5711474119267861
        },
        "batch_21": {
            "tp": 2976,
            "fp": 2156,
            "fn": 2329,
            "recall": 0.5609802073515552,
            "precision": 0.5798908807482464,
            "f1": 0.5702788157516528
        },
        "batch_22": {
            "tp": 3038,
            "fp": 2212,
            "fn": 2377,
            "recall": 0.561034164358264,
            "precision": 0.5786666666666667,
            "f1": 0.5697140178152836
        },
        "batch_23": {
            "tp": 3083,
            "fp": 2276,
            "fn": 2405,
            "recall": 0.561771137026239,
            "precision": 0.5752938981153201,
            "f1": 0.568452106573246
        },
        "batch_24": {
            "tp": 3128,
            "fp": 2319,
            "fn": 2445,
            "recall": 0.5612775883725103,
            "precision": 0.5742610611345695,
            "f1": 0.5676950998185117
        },
        "batch_25": {
            "tp": 3143,
            "fp": 2338,
            "fn": 2453,
            "recall": 0.561651179413867,
            "precision": 0.5734355044699873,
            "f1": 0.5674821702627064
        },
        "batch_26": {
            "tp": 3173,
            "fp": 2365,
            "fn": 2481,
            "recall": 0.5611956137247966,
            "precision": 0.572950523654749,
            "f1": 0.5670121515368121
        },
        "batch_27": {
            "tp": 3205,
            "fp": 2389,
            "fn": 2528,
            "recall": 0.5590441304727019,
            "precision": 0.5729352878083661,
            "f1": 0.565904476030723
        },
        "batch_28": {
            "tp": 3257,
            "fp": 2435,
            "fn": 2575,
            "recall": 0.5584705075445816,
            "precision": 0.5722066057624736,
            "f1": 0.5652551197500867
        },
        "batch_29": {
            "tp": 3286,
            "fp": 2470,
            "fn": 2602,
            "recall": 0.5580842391304348,
            "precision": 0.5708825573314802,
            "f1": 0.5644108553761594
        },
        "batch_30": {
            "tp": 3328,
            "fp": 2531,
            "fn": 2661,
            "recall": 0.555685423276006,
            "precision": 0.5680150196279229,
            "f1": 0.5617825793382849
        },
        "batch_31": {
            "tp": 3423,
            "fp": 2619,
            "fn": 2707,
            "recall": 0.5584013050570963,
            "precision": 0.5665342601787487,
            "f1": 0.5624383831744989
        },
        "batch_32": {
            "tp": 3499,
            "fp": 2671,
            "fn": 2750,
            "recall": 0.5599295887341975,
            "precision": 0.5670988654781199,
            "f1": 0.5634914244303084
        },
        "batch_33": {
            "tp": 3556,
            "fp": 2723,
            "fn": 2808,
            "recall": 0.5587680703959774,
            "precision": 0.5663322185061316,
            "f1": 0.5625247172348334
        },
        "batch_34": {
            "tp": 3608,
            "fp": 2756,
            "fn": 2835,
            "recall": 0.5599875834238709,
            "precision": 0.5669390320553112,
            "f1": 0.5634418677285861
        },
        "batch_35": {
            "tp": 3683,
            "fp": 2795,
            "fn": 2872,
            "recall": 0.56186117467582,
            "precision": 0.5685396727384996,
            "f1": 0.565180695158444
        },