{
    "batches": {
        "batch_1": {
            "tp": 685,
            "fp": 235,
            "fn": 457,
            "recall": 0.5998248686514887,
            "precision": 0.7445652173913043,
            "f1": 0.6644034917555771
        },
        "batch_2": {
            "tp": 1247,
            "fp": 391,
            "fn": 893,
            "recall": 0.5827102803738318,
            "precision": 0.7612942612942613,
            "f1": 0.660137638962414
        },
        "batch_3": {
            "tp": 1932,
            "fp": 623,
            "fn": 1248,
            "recall": 0.6075471698113207,
            "precision": 0.7561643835616438,
            "f1": 0.6737576285963383
        },
        "batch_4": {
            "tp": 2584,
            "fp": 850,
            "fn": 1684,
            "recall": 0.60543580131209,
            "precision": 0.7524752475247525,
            "f1": 0.6709945468709426
        },
        "batch_5": {
            "tp": 3130,
            "fp": 1030,
            "fn": 2047,
            "recall": 0.6045972570987058,
            "precision": 0.7524038461538461,
            "f1": 0.6704508942915284
        },
        "batch_6": {
            "tp": 3876,
            "fp": 1384,
            "fn": 2530,
            "recall": 0.6050577583515454,
            "precision": 0.7368821292775666,
            "f1": 0.6644951140065146
        },
        "batch_7": {
            "tp": 4596,
            "fp": 1665,
            "fn": 2849,
            "recall": 0.6173270651443922,
            "precision": 0.7340680402491615,
            "f1": 0.6706551875091201
        },
        "batch_8": {
            "tp": 5284,
            "fp": 1900,
            "fn": 3303,
            "recall": 0.6153487830441365,
            "precision": 0.7355233853006682,
            "f1": 0.6700906727537886
        },
        "batch_9": {
            "tp": 6131,
            "fp": 2243,
            "fn": 3889,
            "recall": 0.61187624750499,
            "precision": 0.7321471220444232,
            "f1": 0.66663042296401
        },
        "batch_10": {
            "tp": 6804,
            "fp": 2513,
            "fn": 4436,
            "recall": 0.605338078291815,
            "precision": 0.7302779864763336,
            "f1": 0.6619642944009341
        },
        "batch_11": {
            "tp": 7355,
            "fp": 2791,
            "fn": 4912,
            "recall": 0.5995760984755849,
            "precision": 0.724916223142125,
            "f1": 0.6563155311649489
        },
        "batch_12": {
            "tp": 8089,
            "fp": 3052,
            "fn": 5444,
            "recall": 0.5977240818739378,
            "precision": 0.7260569069203842,
            "f1": 0.6556699359649834
        },
        "batch_13": {
            "tp": 8802,
            "fp": 3290,
            "fn": 6053,
            "recall": 0.5925277684281387,
            "precision": 0.727919285478002,
            "f1": 0.65328236909489
        },
        "batch_14": {
            "tp": 9572,
            "fp": 3577,
            "fn": 6587,
            "recall": 0.5923633888235658,
            "precision": 0.7279641037341242,
            "f1": 0.6532004913334243
        },
        "batch_15": {
            "tp": 10241,
            "fp": 3760,
            "fn": 7085,
            "recall": 0.5910769941128939,
            "precision": 0.7314477537318763,
            "f1": 0.6538130047562807
        },
        "batch_16": {
            "tp": 10830,
            "fp": 4014,
            "fn": 7490,
            "recall": 0.5911572052401747,
            "precision": 0.7295877122069523,
            "f1": 0.6531178386201905
        },
        "batch_17": {
            "tp": 11589,
            "fp": 4251,
            "fn": 8020,
            "recall": 0.5910041307562853,
            "precision": 0.7316287878787879,
            "f1": 0.6538407289345256
        },
        "batch_18": {
            "tp": 12259,
            "fp": 4466,
            "fn": 8415,
            "recall": 0.5929670117055238,
            "precision": 0.7329745889387145,
            "f1": 0.6555790261771706
        },
        "batch_19": {
            "tp": 12940,
            "fp": 4734,
            "fn": 8914,
            "recall": 0.5921112839754736,
            "precision": 0.7321489193165102,
            "f1": 0.6547257640153815
        },
        "batch_20": {
            "tp": 13613,
            "fp": 4911,
            "fn": 9422,
            "recall": 0.5909702626438029,
            "precision": 0.7348844741956381,
            "f1": 0.6551168218677061
        },
        "batch_21": {
            "tp": 14284,
            "fp": 5125,
            "fn": 9854,
            "recall": 0.5917640235313614,
            "precision": 0.7359472409706838,
            "f1": 0.6560268215950583
        },
        "batch_22": {
            "tp": 14906,
            "fp": 5301,
            "fn": 10290,
            "recall": 0.5916018415621527,
            "precision": 0.7376651655366953,
            "f1": 0.6566085941457613
        },
        "batch_23": {
            "tp": 15659,
            "fp": 5515,
            "fn": 10720,
            "recall": 0.5936161340460214,
            "precision": 0.7395390573344668,
            "f1": 0.6585914663638467
        },
        "batch_24": {
            "tp": 16464,
            "fp": 5716,
            "fn": 11213,
            "recall": 0.5948621599161759,
            "precision": 0.7422903516681695,
            "f1": 0.66044888380769
        },
        "batch_25": {
            "tp": 17151,
            "fp": 5954,
            "fn": 11648,
            "recall": 0.5955415118580506,
            "precision": 0.7423068599870158,
            "f1": 0.6608739210850801
        },
        "batch_26": {
            "tp": 17985,
            "fp": 6174,
            "fn": 12072,
            "recall": 0.5983631100908274,
            "precision": 0.7444430646963864,
            "f1": 0.6634572819831783
        },
        "batch_27": {
            "tp": 18634,
            "fp": 6364,
            "fn": 12462,
            "recall": 0.599241059943401,
            "precision": 0.7454196335706856,
            "f1": 0.6643847826862053
        },
        "batch_28": {
            "tp": 19307,
            "fp": 6619,
            "fn": 12855,
            "recall": 0.6003047074186929,
            "precision": 0.7446964437244465,
            "f1": 0.6647500344305193
        },
        "batch_29": {
            "tp": 20015,
            "fp": 6850,
            "fn": 13277,
            "recall": 0.6011954823981738,
            "precision": 0.7450214033128606,
            "f1": 0.665425470020114
        },
        "batch_30": {
            "tp": 20608,
            "fp": 7095,
            "fn": 13659,
            "recall": 0.6013949280649021,
            "precision": 0.7438905533696711,
            "f1": 0.6650960142004196
        },
        "batch_31": {
            "tp": 21184,
            "fp": 7299,
            "fn": 14179,
            "recall": 0.5990441987387948,
            "precision": 0.7437418811220728,
            "f1": 0.6635967797512765
        },
        "batch_32": {
            "tp": 21930,
            "fp": 7569,
            "fn": 14641,
            "recall": 0.5996554647124771,
            "precision": 0.7434150310180007,
            "f1": 0.6638413803541698
        },
        "batch_33": {
            "tp": 22688,
            "fp": 7812,
            "fn": 15086,
            "recall": 0.6006247683591889,
            "precision": 0.7438688524590163,
            "f1": 0.6646161056917714
        },
        "batch_34": {
            "tp": 23552,
            "fp": 7997,
            "fn": 15549,
            "recall": 0.6023375361243958,
            "precision": 0.7465212843513265,
            "f1": 0.6667232837933474
        },
        "batch_35": {
            "tp": 24275,
            "fp": 8279,
            "fn": 15981,
            "recall": 0.6030156995230525,
            "precision": 0.7456840941205382,