{
    "batches": {
        "batch_1": {
            "tp": 222,
            "fp": 97,
            "fn": 123,
            "recall": 0.6434782608695652,
            "precision": 0.6959247648902821,
            "f1": 0.6686746987951807
        },
        "batch_2": {
            "tp": 453,
            "fp": 212,
            "fn": 260,
            "recall": 0.635343618513324,
            "precision": 0.681203007518797,
            "f1": 0.6574746008708273
        },
        "batch_3": {
            "tp": 527,
            "fp": 396,
            "fn": 331,
            "recall": 0.6142191142191142,
            "precision": 0.570964247020585,
            "f1": 0.5918023582257158
        },
        "batch_4": {
            "tp": 658,
            "fp": 523,
            "fn": 405,
            "recall": 0.6190028222013171,
            "precision": 0.5571549534292972,
            "f1": 0.5864527629233512
        },
        "batch_5": {
            "tp": 857,
            "fp": 726,
            "fn": 527,
            "recall": 0.6192196531791907,
            "precision": 0.5413771320277954,
            "f1": 0.5776879002359285
        },
        "batch_6": {
            "tp": 995,
            "fp": 929,
            "fn": 628,
            "recall": 0.6130622304374614,
            "precision": 0.5171517671517671,
            "f1": 0.5610374964758952
        },
        "batch_7": {
            "tp": 1164,
            "fp": 1108,
            "fn": 704,
            "recall": 0.6231263383297645,
            "precision": 0.5123239436619719,
            "f1": 0.5623188405797103
        },
        "batch_8": {
            "tp": 1334,
            "fp": 1305,
            "fn": 816,
            "recall": 0.6204651162790698,
            "precision": 0.5054945054945055,
            "f1": 0.5571100438504907
        },
        "batch_9": {
            "tp": 1417,
            "fp": 1483,
            "fn": 878,
            "recall": 0.6174291938997821,
            "precision": 0.4886206896551724,
            "f1": 0.5455245428296439
        },
        "batch_10": {
            "tp": 1588,
            "fp": 1696,
            "fn": 967,
            "recall": 0.6215264187866928,
            "precision": 0.4835566382460414,
            "f1": 0.5439287549237883
        },
        "batch_11": {
            "tp": 1696,
            "fp": 1935,
            "fn": 1034,
            "recall": 0.6212454212454213,
            "precision": 0.46708895621041036,
            "f1": 0.533249489074045
        },
        "batch_12": {
            "tp": 1877,
            "fp": 2128,
            "fn": 1124,
            "recall": 0.6254581806064645,
            "precision": 0.4686641697877653,
            "f1": 0.5358264344847274
        },
        "batch_13": {
            "tp": 2165,
            "fp": 2168,
            "fn": 1165,
            "recall": 0.6501501501501501,
            "precision": 0.4996538195245788,
            "f1": 0.5650528513636957
        },
        "batch_14": {
            "tp": 2410,
            "fp": 2235,
            "fn": 1237,
            "recall": 0.6608171099533864,
            "precision": 0.5188374596340151,
            "f1": 0.5812831644958997
        },
        "batch_15": {
            "tp": 2472,
            "fp": 2398,
            "fn": 1284,
            "recall": 0.65814696485623,
            "precision": 0.5075975359342916,
            "f1": 0.5731509390215627
        },
        "batch_16": {
            "tp": 2639,
            "fp": 2548,
            "fn": 1361,
            "recall": 0.65975,
            "precision": 0.5087719298245614,
            "f1": 0.5745074561880917
        },
        "batch_17": {
            "tp": 2727,
            "fp": 2734,
            "fn": 1439,
            "recall": 0.6545847335573691,
            "precision": 0.4993590917414393,
            "f1": 0.5665316297912122
        },
        "batch_18": {
            "tp": 2769,
            "fp": 2764,
            "fn": 1459,
            "recall": 0.6549195837275308,
            "precision": 0.5004518344478583,
            "f1": 0.5673599016494212
        }
    },
    "batch_cnt": 18,
    "completed": true
}