{
    "batches": {
        "batch_1": {
            "tp": 213,
            "fp": 59,
            "fn": 58,
            "recall": 0.7859778597785978,
            "precision": 0.7830882352941176,
            "f1": 0.7845303867403316
        },
        "batch_2": {
            "tp": 466,
            "fp": 137,
            "fn": 132,
            "recall": 0.7792642140468228,
            "precision": 0.7728026533996684,
            "f1": 0.7760199833472107
        },
        "batch_3": {
            "tp": 687,
            "fp": 194,
            "fn": 200,
            "recall": 0.7745208568207441,
            "precision": 0.7797956867196367,
            "f1": 0.7771493212669683
        },
        "batch_4": {
            "tp": 971,
            "fp": 266,
            "fn": 265,
            "recall": 0.7855987055016181,
            "precision": 0.7849636216653193,
            "f1": 0.7852810351799434
        },
        "batch_5": {
            "tp": 1098,
            "fp": 350,
            "fn": 353,
            "recall": 0.7567195037904894,
            "precision": 0.7582872928176796,
            "f1": 0.7575025870989998
        },
        "batch_6": {
            "tp": 1148,
            "fp": 414,
            "fn": 413,
            "recall": 0.7354260089686099,
            "precision": 0.734955185659411,
            "f1": 0.7351905219340377
        },
        "batch_7": {
            "tp": 1353,
            "fp": 491,
            "fn": 493,
            "recall": 0.7329360780065005,
            "precision": 0.7337310195227765,
            "f1": 0.7333333333333333
        },
        "batch_8": {
            "tp": 1586,
            "fp": 566,
            "fn": 564,
            "recall": 0.7376744186046512,
            "precision": 0.7369888475836431,
            "f1": 0.7373314737331474
        },
        "batch_9": {
            "tp": 1826,
            "fp": 663,
            "fn": 642,
            "recall": 0.7398703403565641,
            "precision": 0.7336279630373644,
            "f1": 0.7367359289893082
        },
        "batch_10": {
            "tp": 2032,
            "fp": 763,
            "fn": 720,
            "recall": 0.7383720930232558,
            "precision": 0.7270125223613596,
            "f1": 0.7326482783486569
        },
        "batch_11": {
            "tp": 2240,
            "fp": 813,
            "fn": 757,
            "recall": 0.7474140807474141,
            "precision": 0.7337045528987881,
            "f1": 0.7404958677685951
        },
        "batch_12": {
            "tp": 2334,
            "fp": 841,
            "fn": 783,
            "recall": 0.7487969201154957,
            "precision": 0.7351181102362204,
            "f1": 0.7418944691671964
        },
        "batch_13": {
            "tp": 2471,
            "fp": 905,
            "fn": 808,
            "recall": 0.7535834095760903,
            "precision": 0.731931279620853,
            "f1": 0.7425995492111194
        },
        "batch_14": {
            "tp": 2611,
            "fp": 954,
            "fn": 837,
            "recall": 0.7572505800464037,
            "precision": 0.732398316970547,
            "f1": 0.7446171395978896
        },
        "batch_15": {
            "tp": 2874,
            "fp": 1038,
            "fn": 902,
            "recall": 0.7611228813559322,
            "precision": 0.7346625766871165,
            "f1": 0.7476586888657648
        },
        "batch_16": {
            "tp": 3080,
            "fp": 1111,
            "fn": 952,
            "recall": 0.7638888888888888,
            "precision": 0.7349081364829396,
            "f1": 0.749118326644777
        },
        "batch_17": {
            "tp": 3126,
            "fp": 1127,
            "fn": 959,
            "recall": 0.7652386780905753,
            "precision": 0.7350105807665177,
            "f1": 0.7498201007435835
        },
        "batch_18": {
            "tp": 3281,
            "fp": 1176,
            "fn": 990,
            "recall": 0.7682041676422383,
            "precision": 0.7361453892752973,
            "f1": 0.751833180568286
        },
        "batch_19": {
            "tp": 3425,
            "fp": 1225,
            "fn": 1043,
            "recall": 0.7665622202327663,
            "precision": 0.7365591397849462,
            "f1": 0.7512612415003289
        },
        "batch_20": {
            "tp": 3594,
            "fp": 1266,
            "fn": 1077,
            "recall": 0.7694283879254977,
            "precision": 0.7395061728395061,
            "f1": 0.754170601196097
        },
        "batch_21": {
            "tp": 3675,
            "fp": 1311,
            "fn": 1119,
            "recall": 0.7665832290362954,
            "precision": 0.737063778580024,
            "f1": 0.7515337423312883
        },
        "batch_22": {
            "tp": 3682,
            "fp": 1318,
            "fn": 1123,
            "recall": 0.7662851196670135,
            "precision": 0.7364,
            "f1": 0.7510453850076491
        },
        "batch_23": {
            "tp": 3790,
            "fp": 1407,
            "fn": 1195,
            "recall": 0.7602808425275828,
            "precision": 0.7292668847411968,
            "f1": 0.7444509919465724
        },
        "batch_24": {
            "tp": 3915,
            "fp": 1450,
            "fn": 1230,
            "recall": 0.760932944606414,
            "precision": 0.7297297297297297,
            "f1": 0.7450047573739296
        },
        "batch_25": {
            "tp": 3977,
            "fp": 1485,
            "fn": 1262,
            "recall": 0.759114334796717,
            "precision": 0.7281215671915049,
            "f1": 0.7432950191570881
        },
        "batch_26": {
            "tp": 4100,
            "fp": 1536,
            "fn": 1290,
            "recall": 0.7606679035250464,
            "precision": 0.7274662881476224,
            "f1": 0.7436967168510792
        },
        "batch_27": {
            "tp": 4217,
            "fp": 1588,
            "fn": 1342,
            "recall": 0.7585896744018709,
            "precision": 0.726442721791559,
            "f1": 0.7421682506159804
        },
        "batch_28": {
            "tp": 4273,
            "fp": 1619,
            "fn": 1370,
            "recall": 0.7572213361687046,
            "precision": 0.7252206381534284,
            "f1": 0.740875596012137
        },
        "batch_29": {
            "tp": 4332,
            "fp": 1650,
            "fn": 1394,
            "recall": 0.7565490743974852,
            "precision": 0.724172517552658,
            "f1": 0.7400068329347456
        },
        "batch_30": {
            "tp": 4379,
            "fp": 1671,
            "fn": 1411,
            "recall": 0.7563039723661485,
            "precision": 0.7238016528925619,
            "f1": 0.7396959459459458
        },
        "batch_31": {
            "tp": 4426,
            "fp": 1693,
            "fn": 1427,
            "recall": 0.7561934050914061,
            "precision": 0.7233208040529499,
            "f1": 0.7393919144670899
        },
        "batch_32": {
            "tp": 4620,
            "fp": 1729,
            "fn": 1458,
            "recall": 0.7601184600197434,
            "precision": 0.7276736493936052,
            "f1": 0.7435422869558219
        },
        "batch_33": {
            "tp": 4776,
            "fp": 1781,
            "fn": 1493,
            "recall": 0.7618439942574573,
            "precision": 0.7283818819582126,
            "f1": 0.7447372524559488
        },
        "batch_34": {
            "tp": 4939,
            "fp": 1884,
            "fn": 1566,
            "recall": 0.7592621060722521,
            "precision": 0.7238751282427085,
            "f1": 0.7411464585834334
        },
        "batch_35": {
            "tp": 4989,
            "fp": 1927,
            "fn": 1597,
            "recall": 0.7575159429092013,
            "precision": 0.7213707345286293,
            "f1": 0.7390016293882388
        },