{
    "batches": {
        "batch_1": {
            "tp": 274,
            "fp": 114,
            "fn": 94,
            "recall": 0.7445652173913043,
            "precision": 0.7061855670103093,
            "f1": 0.7248677248677249
        },
        "batch_2": {
            "tp": 386,
            "fp": 161,
            "fn": 115,
            "recall": 0.7704590818363274,
            "precision": 0.7056672760511883,
            "f1": 0.7366412213740459
        },
        "batch_3": {
            "tp": 596,
            "fp": 221,
            "fn": 161,
            "recall": 0.7873183619550859,
            "precision": 0.7294981640146879,
            "f1": 0.7573062261753495
        },
        "batch_4": {
            "tp": 741,
            "fp": 299,
            "fn": 221,
            "recall": 0.7702702702702703,
            "precision": 0.7125,
            "f1": 0.7402597402597403
        },
        "batch_5": {
            "tp": 962,
            "fp": 358,
            "fn": 269,
            "recall": 0.7814784727863525,
            "precision": 0.7287878787878788,
            "f1": 0.7542140337122698
        },
        "batch_6": {
            "tp": 1201,
            "fp": 448,
            "fn": 326,
            "recall": 0.7865094957432875,
            "precision": 0.7283201940570042,
            "f1": 0.7562972292191436
        },
        "batch_7": {
            "tp": 1379,
            "fp": 507,
            "fn": 396,
            "recall": 0.7769014084507042,
            "precision": 0.7311770943796394,
            "f1": 0.7533460803059273
        },
        "batch_8": {
            "tp": 1574,
            "fp": 610,
            "fn": 489,
            "recall": 0.7629665535627727,
            "precision": 0.7206959706959707,
            "f1": 0.7412291028961621
        },
        "batch_9": {
            "tp": 1773,
            "fp": 693,
            "fn": 555,
            "recall": 0.7615979381443299,
            "precision": 0.718978102189781,
            "f1": 0.7396745932415518
        },
        "batch_10": {
            "tp": 1911,
            "fp": 758,
            "fn": 619,
            "recall": 0.7553359683794466,
            "precision": 0.7159985013113526,
            "f1": 0.735141373341027
        },
        "batch_11": {
            "tp": 2034,
            "fp": 829,
            "fn": 690,
            "recall": 0.7466960352422908,
            "precision": 0.7104435906391897,
            "f1": 0.7281188473241453
        },
        "batch_12": {
            "tp": 2182,
            "fp": 903,
            "fn": 750,
            "recall": 0.7442019099590723,
            "precision": 0.7072933549432739,
            "f1": 0.7252783779292006
        },
        "batch_13": {
            "tp": 2407,
            "fp": 975,
            "fn": 797,
            "recall": 0.7512484394506866,
            "precision": 0.7117090479006505,
            "f1": 0.7309444275736411
        },
        "batch_14": {
            "tp": 2610,
            "fp": 1071,
            "fn": 875,
            "recall": 0.7489239598278336,
            "precision": 0.7090464547677262,
            "f1": 0.7284398548702206
        },
        "batch_15": {
            "tp": 2842,
            "fp": 1176,
            "fn": 963,
            "recall": 0.7469119579500657,
            "precision": 0.7073170731707317,
            "f1": 0.7265754825514509
        },
        "batch_16": {
            "tp": 3103,
            "fp": 1313,
            "fn": 1088,
            "recall": 0.7403960868527798,
            "precision": 0.7026721014492754,
            "f1": 0.7210410131288487
        },
        "batch_17": {
            "tp": 3387,
            "fp": 1440,
            "fn": 1178,
            "recall": 0.7419496166484119,
            "precision": 0.7016780609073959,
            "f1": 0.721252129471891
        },
        "batch_18": {
            "tp": 3558,
            "fp": 1528,
            "fn": 1228,
            "recall": 0.7434183033848726,
            "precision": 0.6995674400314589,
            "f1": 0.7208265802269045
        },
        "batch_19": {
            "tp": 3734,
            "fp": 1612,
            "fn": 1270,
            "recall": 0.746203037569944,
            "precision": 0.6984661429105874,
            "f1": 0.7215458937198067
        },
        "batch_20": {
            "tp": 3865,
            "fp": 1676,
            "fn": 1310,
            "recall": 0.7468599033816425,
            "precision": 0.6975275221079228,
            "f1": 0.7213512504665921
        },
        "batch_21": {
            "tp": 3967,
            "fp": 1727,
            "fn": 1332,
            "recall": 0.7486318173240234,
            "precision": 0.6966982788900598,
            "f1": 0.7217320112799054
        },
        "batch_22": {
            "tp": 4052,
            "fp": 1762,
            "fn": 1355,
            "recall": 0.7493989273164416,
            "precision": 0.696938424492604,
            "f1": 0.7222172711879511
        },
        "batch_23": {
            "tp": 4104,
            "fp": 1798,
            "fn": 1374,
            "recall": 0.7491785323110625,
            "precision": 0.6953575059301932,
            "f1": 0.7212653778558874
        },
        "batch_24": {
            "tp": 4173,
            "fp": 1826,
            "fn": 1391,
            "recall": 0.75,
            "precision": 0.6956159359893316,
            "f1": 0.7217850038917237
        },
        "batch_25": {
            "tp": 4189,
            "fp": 1839,
            "fn": 1397,
            "recall": 0.7499104905119943,
            "precision": 0.6949236894492369,
            "f1": 0.7213707594282762
        },
        "batch_26": {
            "tp": 4233,
            "fp": 1855,
            "fn": 1411,
            "recall": 0.75,
            "precision": 0.6953022339027596,
            "f1": 0.721616092737811
        },
        "batch_27": {
            "tp": 4289,
            "fp": 1867,
            "fn": 1432,
            "recall": 0.7496941094214298,
            "precision": 0.6967186484730344,
            "f1": 0.7222362549465353
        },
        "batch_28": {
            "tp": 4367,
            "fp": 1888,
            "fn": 1451,
            "recall": 0.7506015812994156,
            "precision": 0.6981614708233413,
            "f1": 0.7234324525801376
        },
        "batch_29": {
            "tp": 4413,
            "fp": 1906,
            "fn": 1461,
            "recall": 0.7512768130745658,
            "precision": 0.6983699952524134,
            "f1": 0.7238579512835234
        },
        "batch_30": {
            "tp": 4458,
            "fp": 1944,
            "fn": 1517,
            "recall": 0.7461087866108786,
            "precision": 0.6963448922211809,
            "f1": 0.7203684253050012
        },
        "batch_31": {
            "tp": 4566,
            "fp": 2003,
            "fn": 1549,
            "recall": 0.7466884709730172,
            "precision": 0.6950829654437509,
            "f1": 0.7199621570482496
        },
        "batch_32": {
            "tp": 4665,
            "fp": 2044,
            "fn": 1573,
            "recall": 0.7478358448220583,
            "precision": 0.6953346251304218,
            "f1": 0.720630261836719
        },
        "batch_33": {
            "tp": 4750,
            "fp": 2084,
            "fn": 1604,
            "recall": 0.7475605917532263,
            "precision": 0.6950541410594089,
            "f1": 0.7203518350015164
        },
        "batch_34": {
            "tp": 4816,
            "fp": 2118,
            "fn": 1615,
            "recall": 0.7488726481107137,
            "precision": 0.6945486010960484,
            "f1": 0.7206883651328095
        },
        "batch_35": {
            "tp": 4905,
            "fp": 2148,
            "fn": 1636,
            "recall": 0.7498853386332365,
            "precision": 0.6954487452148023,
            "f1": 0.7216419008386054
        },
        "batch_36": {
            "tp": 4922,