{
    "batches": {
        "batch_1": {
            "tp": 222,
            "fp": 32,
            "fn": 127,
            "recall": 0.6361031518624641,
            "precision": 0.8740157480314961,
            "f1": 0.7363184079601991
        },
        "batch_2": {
            "tp": 468,
            "fp": 72,
            "fn": 274,
            "recall": 0.6307277628032345,
            "precision": 0.8666666666666667,
            "f1": 0.7301092043681747
        },
        "batch_3": {
            "tp": 503,
            "fp": 154,
            "fn": 427,
            "recall": 0.5408602150537635,
            "precision": 0.7656012176560122,
            "f1": 0.6339004410838059
        },
        "batch_4": {
            "tp": 622,
            "fp": 177,
            "fn": 552,
            "recall": 0.5298126064735945,
            "precision": 0.7784730913642053,
            "f1": 0.6305119107957425
        },
        "batch_5": {
            "tp": 743,
            "fp": 230,
            "fn": 768,
            "recall": 0.49172733289212445,
            "precision": 0.763617677286742,
            "f1": 0.5982286634460549
        },
        "batch_6": {
            "tp": 842,
            "fp": 287,
            "fn": 926,
            "recall": 0.4762443438914027,
            "precision": 0.745792736935341,
            "f1": 0.5812909906800138
        },
        "batch_7": {
            "tp": 944,
            "fp": 348,
            "fn": 1079,
            "recall": 0.4666337123084528,
            "precision": 0.7306501547987616,
            "f1": 0.5695324283559577
        },
        "batch_8": {
            "tp": 1047,
            "fp": 413,
            "fn": 1262,
            "recall": 0.4534430489389346,
            "precision": 0.7171232876712329,
            "f1": 0.5555850358185195
        },
        "batch_9": {
            "tp": 1101,
            "fp": 435,
            "fn": 1354,
            "recall": 0.4484725050916497,
            "precision": 0.716796875,
            "f1": 0.5517414181909297
        },
        "batch_10": {
            "tp": 1220,
            "fp": 475,
            "fn": 1507,
            "recall": 0.44737807114044736,
            "precision": 0.7197640117994101,
            "f1": 0.5517865219357757
        },
        "batch_11": {
            "tp": 1303,
            "fp": 549,
            "fn": 1607,
            "recall": 0.447766323024055,
            "precision": 0.7035637149028078,
            "f1": 0.5472490550188998
        },
        "batch_12": {
            "tp": 1426,
            "fp": 606,
            "fn": 1763,
            "recall": 0.447162119786767,
            "precision": 0.7017716535433071,
            "f1": 0.5462555066079294
        },
        "batch_13": {
            "tp": 1729,
            "fp": 627,
            "fn": 1797,
            "recall": 0.49035734543391946,
            "precision": 0.7338709677419355,
            "f1": 0.587895273716423
        },
        "batch_14": {
            "tp": 1967,
            "fp": 649,
            "fn": 1879,
            "recall": 0.5114404576183047,
            "precision": 0.7519113149847095,
            "f1": 0.6087898483441659
        },
        "batch_15": {
            "tp": 1979,
            "fp": 698,
            "fn": 2040,
            "recall": 0.4924110475242598,
            "precision": 0.7392603660814344,
            "f1": 0.5910991636798089
        },
        "batch_16": {
            "tp": 2082,
            "fp": 778,
            "fn": 2242,
            "recall": 0.48149861239592967,
            "precision": 0.727972027972028,
            "f1": 0.5796213808463252
        },
        "batch_17": {
            "tp": 2139,
            "fp": 866,
            "fn": 2386,
            "recall": 0.472707182320442,
            "precision": 0.7118136439267887,
            "f1": 0.5681274900398408
        },
        "batch_18": {
            "tp": 2154,
            "fp": 867,
            "fn": 2444,
            "recall": 0.4684645498042627,
            "precision": 0.7130089374379345,
            "f1": 0.565428533928337
        }
    },
    "batch_cnt": 18,
    "completed": true
}