{
    "batches": {
        "batch_1": {
            "tp": 103,
            "fp": 112,
            "fn": 155,
            "recall": 0.3992248062015504,
            "precision": 0.4790697674418605,
            "f1": 0.4355179704016913
        },
        "batch_2": {
            "tp": 250,
            "fp": 341,
            "fn": 307,
            "recall": 0.4488330341113106,
            "precision": 0.4230118443316413,
            "f1": 0.4355400696864111
        },
        "batch_3": {
            "tp": 336,
            "fp": 469,
            "fn": 493,
            "recall": 0.40530759951749096,
            "precision": 0.41739130434782606,
            "f1": 0.4112607099143207
        },
        "batch_4": {
            "tp": 463,
            "fp": 640,
            "fn": 696,
            "recall": 0.3994823123382226,
            "precision": 0.4197642792384406,
            "f1": 0.4093722369584439
        },
        "batch_5": {
            "tp": 534,
            "fp": 844,
            "fn": 833,
            "recall": 0.39063643013899046,
            "precision": 0.3875181422351234,
            "f1": 0.3890710382513661
        },
        "batch_6": {
            "tp": 558,
            "fp": 891,
            "fn": 915,
            "recall": 0.3788187372708758,
            "precision": 0.38509316770186336,
            "f1": 0.3819301848049281
        },
        "batch_7": {
            "tp": 662,
            "fp": 1073,
            "fn": 1076,
            "recall": 0.380897583429229,
            "precision": 0.38155619596541784,
            "f1": 0.3812266052404262
        },
        "batch_8": {
            "tp": 799,
            "fp": 1284,
            "fn": 1221,
            "recall": 0.39554455445544556,
            "precision": 0.38358137301968315,
            "f1": 0.38947111869363876
        },
        "batch_9": {
            "tp": 935,
            "fp": 1606,
            "fn": 1367,
            "recall": 0.4061685490877498,
            "precision": 0.36796536796536794,
            "f1": 0.38612430311790213
        },
        "batch_10": {
            "tp": 1054,
            "fp": 2025,
            "fn": 1498,
            "recall": 0.41300940438871475,
            "precision": 0.3423189347190646,
            "f1": 0.3743562422305097
        },
        "batch_11": {
            "tp": 1178,
            "fp": 2226,
            "fn": 1596,
            "recall": 0.4246575342465753,
            "precision": 0.34606345475910694,
            "f1": 0.38135318873421814
        },
        "batch_12": {
            "tp": 1238,
            "fp": 2371,
            "fn": 1651,
            "recall": 0.4285219799238491,
            "precision": 0.343031310612358,
            "f1": 0.38104032009849187
        },
        "batch_13": {
            "tp": 1316,
            "fp": 2615,
            "fn": 1725,
            "recall": 0.4327523840841828,
            "precision": 0.3347748664461969,
            "f1": 0.37751004016064255
        },
        "batch_14": {
            "tp": 1410,
            "fp": 2768,
            "fn": 1795,
            "recall": 0.43993759750390016,
            "precision": 0.33748204882719,
            "f1": 0.38195855343356355
        },
        "batch_15": {
            "tp": 1557,
            "fp": 2959,
            "fn": 1940,
            "recall": 0.4452387760937947,
            "precision": 0.34477413640389726,
            "f1": 0.3886184949457132
        },
        "batch_16": {
            "tp": 1671,
            "fp": 3269,
            "fn": 2053,
            "recall": 0.4487110633727175,
            "precision": 0.3382591093117409,
            "f1": 0.38573407202216065
        },
        "batch_17": {
            "tp": 1691,
            "fp": 3510,
            "fn": 2083,
            "recall": 0.4480657127715951,
            "precision": 0.3251297827340896,
            "f1": 0.3768245125348189
        },
        "batch_18": {
            "tp": 1793,
            "fp": 3687,
            "fn": 2152,
            "recall": 0.45449936628643856,
            "precision": 0.32718978102189783,
            "f1": 0.38047745358090185
        },
        "batch_19": {
            "tp": 1889,
            "fp": 3811,
            "fn": 2238,
            "recall": 0.4577174703174219,
            "precision": 0.3314035087719298,
            "f1": 0.3844510023404905
        },
        "batch_20": {
            "tp": 2022,
            "fp": 4212,
            "fn": 2291,
            "recall": 0.46881520983074426,
            "precision": 0.32435033686236764,
            "f1": 0.38342656679624537
        },
        "batch_21": {
            "tp": 2080,
            "fp": 4334,
            "fn": 2353,
            "recall": 0.46920821114369504,
            "precision": 0.32429061428125977,
            "f1": 0.3835161795888264
        },
        "batch_22": {
            "tp": 2085,
            "fp": 4368,
            "fn": 2359,
            "recall": 0.4691719171917192,
            "precision": 0.3231055323105532,
            "f1": 0.38267413049463156
        },
        "batch_23": {
            "tp": 2126,
            "fp": 4491,
            "fn": 2479,
            "recall": 0.46167209554831706,
            "precision": 0.3212936376001209,
            "f1": 0.37889859205132775
        },
        "batch_24": {
            "tp": 2175,
            "fp": 4556,
            "fn": 2579,
            "recall": 0.4575094657130837,
            "precision": 0.3231317783390284,
            "f1": 0.37875489769264264
        },
        "batch_25": {
            "tp": 2202,
            "fp": 4593,
            "fn": 2639,
            "recall": 0.4548646973765751,
            "precision": 0.3240618101545254,
            "f1": 0.3784805775180475
        },
        "batch_26": {
            "tp": 2281,
            "fp": 4696,
            "fn": 2708,
            "recall": 0.4572058528763279,
            "precision": 0.32693134585065214,
            "f1": 0.38124686612067527
        },
        "batch_27": {
            "tp": 2360,
            "fp": 4817,
            "fn": 2786,
            "recall": 0.45860862806062963,
            "precision": 0.3288282011982723,
            "f1": 0.3830236143796154
        },
        "batch_28": {
            "tp": 2378,
            "fp": 4871,
            "fn": 2851,
            "recall": 0.4547714668196596,
            "precision": 0.3280452476203614,
            "f1": 0.38115082545279694
        },
        "batch_29": {
            "tp": 2408,
            "fp": 4942,
            "fn": 2891,
            "recall": 0.45442536327608984,
            "precision": 0.32761904761904764,
            "f1": 0.3807415605976758
        },
        "batch_30": {
            "tp": 2422,
            "fp": 5030,
            "fn": 2938,
            "recall": 0.45186567164179103,
            "precision": 0.32501341921631777,
            "f1": 0.3780830471433031
        },
        "batch_31": {
            "tp": 2433,
            "fp": 5096,
            "fn": 2995,
            "recall": 0.4482313927781872,
            "precision": 0.3231504847921371,
            "f1": 0.37554989580921516
        },
        "batch_32": {
            "tp": 2530,
            "fp": 5321,
            "fn": 3099,
            "recall": 0.44945816308402914,
            "precision": 0.3222519424277162,
            "f1": 0.37537091988130566
        },
        "batch_33": {
            "tp": 2620,
            "fp": 5572,
            "fn": 3189,
            "recall": 0.45102427268032363,
            "precision": 0.31982421875,
            "f1": 0.3742589815013213
        },
        "batch_34": {
            "tp": 2717,
            "fp": 5738,
            "fn": 3333,
            "recall": 0.4490909090909091,
            "precision": 0.32134831460674157,
            "f1": 0.37462943812478455
        },
        "batch_35": {
            "tp": 2745,
            "fp": 5817,
            "fn": 3389,
            "recall": 0.44750570590153244,
            "precision": 0.3206026629292221,