{
    "batches": {
        "batch_1": {
            "tp": 208,
            "fp": 305,
            "fn": 126,
            "recall": 0.6227544910179641,
            "precision": 0.40545808966861596,
            "f1": 0.4911452184179457
        },
        "batch_2": {
            "tp": 279,
            "fp": 504,
            "fn": 172,
            "recall": 0.6186252771618626,
            "precision": 0.3563218390804598,
            "f1": 0.4521880064829822
        },
        "batch_3": {
            "tp": 412,
            "fp": 743,
            "fn": 265,
            "recall": 0.6085672082717873,
            "precision": 0.3567099567099567,
            "f1": 0.44978165938864634
        },
        "batch_4": {
            "tp": 503,
            "fp": 875,
            "fn": 359,
            "recall": 0.5835266821345708,
            "precision": 0.36502177068214803,
            "f1": 0.44910714285714287
        },
        "batch_5": {
            "tp": 634,
            "fp": 1089,
            "fn": 475,
            "recall": 0.5716862037871957,
            "precision": 0.3679628554846198,
            "f1": 0.4477401129943503
        },
        "batch_6": {
            "tp": 756,
            "fp": 1356,
            "fn": 625,
            "recall": 0.5474293989862419,
            "precision": 0.35795454545454547,
            "f1": 0.4328657314629259
        },
        "batch_7": {
            "tp": 845,
            "fp": 1485,
            "fn": 774,
            "recall": 0.5219271155033972,
            "precision": 0.3626609442060086,
            "f1": 0.42795644466953664
        },
        "batch_8": {
            "tp": 976,
            "fp": 1715,
            "fn": 906,
            "recall": 0.5185972369819342,
            "precision": 0.3626904496469714,
            "f1": 0.4268532691887164
        },
        "batch_9": {
            "tp": 1087,
            "fp": 1954,
            "fn": 1052,
            "recall": 0.5081813931743806,
            "precision": 0.3574482078263729,
            "f1": 0.41969111969111966
        },
        "batch_10": {
            "tp": 1179,
            "fp": 2102,
            "fn": 1157,
            "recall": 0.504708904109589,
            "precision": 0.35934166412679064,
            "f1": 0.41979704468577533
        },
        "batch_11": {
            "tp": 1242,
            "fp": 2240,
            "fn": 1276,
            "recall": 0.4932486100079428,
            "precision": 0.35669155657668006,
            "f1": 0.414
        },
        "batch_12": {
            "tp": 1325,
            "fp": 2458,
            "fn": 1393,
            "recall": 0.48749080206033846,
            "precision": 0.3502511234469997,
            "f1": 0.4076295954468543
        },
        "batch_13": {
            "tp": 1455,
            "fp": 2739,
            "fn": 1499,
            "recall": 0.49255247122545703,
            "precision": 0.3469241773962804,
            "f1": 0.40710688304420817
        },
        "batch_14": {
            "tp": 1595,
            "fp": 3167,
            "fn": 1609,
            "recall": 0.49781523096129837,
            "precision": 0.3349433011339773,
            "f1": 0.400451920662817
        },
        "batch_15": {
            "tp": 1719,
            "fp": 3500,
            "fn": 1765,
            "recall": 0.493398392652124,
            "precision": 0.32937344318835027,
            "f1": 0.3950361944157187
        },
        "batch_16": {
            "tp": 1910,
            "fp": 3848,
            "fn": 1930,
            "recall": 0.4973958333333333,
            "precision": 0.33171240013893716,
            "f1": 0.3979995832465097
        },
        "batch_17": {
            "tp": 2103,
            "fp": 4157,
            "fn": 2081,
            "recall": 0.5026290630975143,
            "precision": 0.33594249201277954,
            "f1": 0.40271926464955954
        },
        "batch_18": {
            "tp": 2217,
            "fp": 4382,
            "fn": 2199,
            "recall": 0.5020380434782609,
            "precision": 0.33595999393847553,
            "f1": 0.4025419881979119
        },
        "batch_19": {
            "tp": 2298,
            "fp": 4649,
            "fn": 2310,
            "recall": 0.4986979166666667,
            "precision": 0.3307902691809414,
            "f1": 0.3977498918217222
        },
        "batch_20": {
            "tp": 2365,
            "fp": 4833,
            "fn": 2411,
            "recall": 0.49518425460636517,
            "precision": 0.328563489858294,
            "f1": 0.3950225488558544
        },
        "batch_21": {
            "tp": 2422,
            "fp": 4972,
            "fn": 2470,
            "recall": 0.49509403107113653,
            "precision": 0.3275628888287801,
            "f1": 0.3942699006999837
        },
        "batch_22": {
            "tp": 2479,
            "fp": 5060,
            "fn": 2517,
            "recall": 0.49619695756605287,
            "precision": 0.32882345138612545,
            "f1": 0.3955325089748703
        },
        "batch_23": {
            "tp": 2514,
            "fp": 5158,
            "fn": 2557,
            "recall": 0.49576020508775387,
            "precision": 0.32768508863399376,
            "f1": 0.3945695676057444
        },
        "batch_24": {
            "tp": 2573,
            "fp": 5281,
            "fn": 2585,
            "recall": 0.49883675843350134,
            "precision": 0.3276037687802394,
            "f1": 0.3954810943744236
        },
        "batch_25": {
            "tp": 2585,
            "fp": 5322,
            "fn": 2594,
            "recall": 0.49913110639119523,
            "precision": 0.32692550904262047,
            "f1": 0.3950787100718325
        },
        "batch_26": {
            "tp": 2620,
            "fp": 5402,
            "fn": 2614,
            "recall": 0.5005731753916699,
            "precision": 0.3266018449264523,
            "f1": 0.3952926976463489
        },
        "batch_27": {
            "tp": 2655,
            "fp": 5478,
            "fn": 2656,
            "recall": 0.49990585577104124,
            "precision": 0.3264478052379196,
            "f1": 0.39497173460279683
        },
        "batch_28": {
            "tp": 2697,
            "fp": 5591,
            "fn": 2703,
            "recall": 0.49944444444444447,
            "precision": 0.32541023166023164,
            "f1": 0.3940677966101695
        },
        "batch_29": {
            "tp": 2721,
            "fp": 5742,
            "fn": 2728,
            "recall": 0.49935768030831346,
            "precision": 0.32151719248493443,
            "f1": 0.3911730879815986
        },
        "batch_30": {
            "tp": 2769,
            "fp": 5858,
            "fn": 2779,
            "recall": 0.499098774333093,
            "precision": 0.3209690506549206,
            "f1": 0.39068783068783075
        },
        "batch_31": {
            "tp": 2833,
            "fp": 6059,
            "fn": 2843,
            "recall": 0.49911909795630727,
            "precision": 0.3186009896536212,
            "f1": 0.3889346512904997
        },
        "batch_32": {
            "tp": 2870,
            "fp": 6193,
            "fn": 2916,
            "recall": 0.49602488765986863,
            "precision": 0.3166721836036632,
            "f1": 0.38655801737490736
        },
        "batch_33": {
            "tp": 2900,
            "fp": 6309,
            "fn": 3000,
            "recall": 0.4915254237288136,
            "precision": 0.3149093278314692,
            "f1": 0.3838771593090211
        },
        "batch_34": {
            "tp": 2945,
            "fp": 6498,
            "fn": 3027,
            "recall": 0.4931346282652378,
            "precision": 0.3118712273641851,
            "f1": 0.3820953616607201
        },
        "batch_35": {
            "tp": 3003,
            "fp": 6688,
            "fn": 3076,
            "recall": 0.4939957229807534,
            "precision": 0.3098751418842225,