{
    "batches": {
        "batch_1": {
            "tp": 905,
            "fp": 529,
            "fn": 179,
            "recall": 0.834870848708487,
            "precision": 0.6311018131101813,
            "f1": 0.7188244638602065
        },
        "batch_2": {
            "tp": 1684,
            "fp": 998,
            "fn": 360,
            "recall": 0.8238747553816047,
            "precision": 0.627889634601044,
            "f1": 0.7126534066864155
        },
        "batch_3": {
            "tp": 2530,
            "fp": 1523,
            "fn": 519,
            "recall": 0.8297802558215809,
            "precision": 0.6242289661978782,
            "f1": 0.7124753590537877
        },
        "batch_4": {
            "tp": 3403,
            "fp": 2003,
            "fn": 676,
            "recall": 0.834273106153469,
            "precision": 0.6294857565667776,
            "f1": 0.7175540326831839
        },
        "batch_5": {
            "tp": 4160,
            "fp": 2442,
            "fn": 805,
            "recall": 0.837865055387714,
            "precision": 0.630112087246289,
            "f1": 0.7192876285985994
        },
        "batch_6": {
            "tp": 5132,
            "fp": 3224,
            "fn": 1002,
            "recall": 0.8366481904140854,
            "precision": 0.614169459071326,
            "f1": 0.7083505866114561
        },
        "batch_7": {
            "tp": 5974,
            "fp": 3889,
            "fn": 1140,
            "recall": 0.8397526005060444,
            "precision": 0.6056980634695326,
            "f1": 0.7037756965306002
        },
        "batch_8": {
            "tp": 6900,
            "fp": 4464,
            "fn": 1299,
            "recall": 0.8415660446395902,
            "precision": 0.6071805702217529,
            "f1": 0.7054132801717528
        },
        "batch_9": {
            "tp": 7942,
            "fp": 5335,
            "fn": 1600,
            "recall": 0.8323202682875708,
            "precision": 0.5981772990886496,
            "f1": 0.6960865945045795
        },
        "batch_10": {
            "tp": 8886,
            "fp": 5973,
            "fn": 1823,
            "recall": 0.8297693528807545,
            "precision": 0.5980214011710074,
            "f1": 0.6950876095118899
        },
        "batch_11": {
            "tp": 9710,
            "fp": 6789,
            "fn": 2010,
            "recall": 0.8284982935153583,
            "precision": 0.5885205163949331,
            "f1": 0.6881888089585031
        },
        "batch_12": {
            "tp": 10723,
            "fp": 7436,
            "fn": 2241,
            "recall": 0.8271366862079605,
            "precision": 0.5905060851368468,
            "f1": 0.6890723901937473
        },
        "batch_13": {
            "tp": 11743,
            "fp": 8054,
            "fn": 2498,
            "recall": 0.8245909697352714,
            "precision": 0.5931706824266303,
            "f1": 0.689993536635525
        },
        "batch_14": {
            "tp": 12789,
            "fp": 8671,
            "fn": 2700,
            "recall": 0.8256827425915165,
            "precision": 0.595945945945946,
            "f1": 0.6922514817721724
        },
        "batch_15": {
            "tp": 13761,
            "fp": 9188,
            "fn": 2841,
            "recall": 0.828876039031442,
            "precision": 0.5996339709791276,
            "f1": 0.6958610401759754
        },
        "batch_16": {
            "tp": 14536,
            "fp": 9756,
            "fn": 2997,
            "recall": 0.8290651913534478,
            "precision": 0.5983863000164663,
            "f1": 0.6950866706515242
        },
        "batch_17": {
            "tp": 15574,
            "fp": 10397,
            "fn": 3216,
            "recall": 0.8288451303885045,
            "precision": 0.5996688614223558,
            "f1": 0.6958736399991063
        },
        "batch_18": {
            "tp": 16433,
            "fp": 10975,
            "fn": 3380,
            "recall": 0.8294049361530308,
            "precision": 0.5995694687682428,
            "f1": 0.6960038965714406
        },
        "batch_19": {
            "tp": 17382,
            "fp": 11640,
            "fn": 3574,
            "recall": 0.82945218553159,
            "precision": 0.5989249534835642,
            "f1": 0.6955860578654608
        },
        "batch_20": {
            "tp": 18323,
            "fp": 12112,
            "fn": 3767,
            "recall": 0.8294703485740154,
            "precision": 0.6020371283062264,
            "f1": 0.6976868158019989
        },
        "batch_21": {
            "tp": 19226,
            "fp": 12642,
            "fn": 3917,
            "recall": 0.8307479583459362,
            "precision": 0.6033011171080708,
            "f1": 0.6989874752322263
        },
        "batch_22": {
            "tp": 20061,
            "fp": 13250,
            "fn": 4124,
            "recall": 0.829481083316105,
            "precision": 0.6022334964426166,
            "f1": 0.6978224572144149
        },
        "batch_23": {
            "tp": 20986,
            "fp": 13767,
            "fn": 4320,
            "recall": 0.8292894965620802,
            "precision": 0.6038615371334849,
            "f1": 0.6988461346342764
        },
        "batch_24": {
            "tp": 22034,
            "fp": 14331,
            "fn": 4535,
            "recall": 0.8293123565057021,
            "precision": 0.6059122782895642,
            "f1": 0.7002256332030381
        },
        "batch_25": {
            "tp": 22936,
            "fp": 14942,
            "fn": 4755,
            "recall": 0.8282835578346756,
            "precision": 0.6055229948782934,
            "f1": 0.6995988958196708
        },
        "batch_26": {
            "tp": 23955,
            "fp": 15582,
            "fn": 4951,
            "recall": 0.8287206808275098,
            "precision": 0.6058881553987404,
            "f1": 0.6999985389302047
        },
        "batch_27": {
            "tp": 24834,
            "fp": 16078,
            "fn": 5068,
            "recall": 0.8305130091632666,
            "precision": 0.6070101681658193,
            "f1": 0.7013867314372865
        },
        "batch_28": {
            "tp": 25709,
            "fp": 16613,
            "fn": 5233,
            "recall": 0.8308771249434426,
            "precision": 0.6074618401776853,
            "f1": 0.7018180825507754
        },
        "batch_29": {
            "tp": 26622,
            "fp": 17096,
            "fn": 5447,
            "recall": 0.8301474944650598,
            "precision": 0.6089482592982296,
            "f1": 0.7025479303838389
        },
        "batch_30": {
            "tp": 27410,
            "fp": 17657,
            "fn": 5601,
            "recall": 0.8303292841780012,
            "precision": 0.6082055606097588,
            "f1": 0.7021183944260868
        },
        "batch_31": {
            "tp": 28255,
            "fp": 18274,
            "fn": 5814,
            "recall": 0.8293463265725439,
            "precision": 0.6072556899997851,
            "f1": 0.7011340231767537
        },
        "batch_32": {
            "tp": 29245,
            "fp": 18849,
            "fn": 6018,
            "recall": 0.829339534356124,
            "precision": 0.608080009980455,
            "f1": 0.7016807226747603
        },
        "batch_33": {
            "tp": 30204,
            "fp": 19517,
            "fn": 6178,
            "recall": 0.830190753669397,
            "precision": 0.6074696808189699,
            "f1": 0.7015783422180412
        },
        "batch_34": {
            "tp": 31316,
            "fp": 20032,
            "fn": 6354,
            "recall": 0.8313246615343775,
            "precision": 0.6098776972812963,
            "f1": 0.7035880383742614
        },
        "batch_35": {
            "tp": 32250,
            "fp": 20630,
            "fn": 6534,
            "recall": 0.8315284653465347,
            "precision": 0.6098714069591528,