{
    "batches": {
        "batch_1": {
            "tp": 314,
            "fp": 77,
            "fn": 38,
            "recall": 0.8920454545454546,
            "precision": 0.80306905370844,
            "f1": 0.8452220726783312
        },
        "batch_2": {
            "tp": 637,
            "fp": 203,
            "fn": 70,
            "recall": 0.900990099009901,
            "precision": 0.7583333333333333,
            "f1": 0.823529411764706
        },
        "batch_3": {
            "tp": 739,
            "fp": 317,
            "fn": 118,
            "recall": 0.8623103850641773,
            "precision": 0.6998106060606061,
            "f1": 0.7726084683742813
        },
        "batch_4": {
            "tp": 901,
            "fp": 446,
            "fn": 165,
            "recall": 0.8452157598499062,
            "precision": 0.6688938381588716,
            "f1": 0.7467882304185661
        },
        "batch_5": {
            "tp": 1170,
            "fp": 576,
            "fn": 228,
            "recall": 0.8369098712446352,
            "precision": 0.6701030927835051,
            "f1": 0.7442748091603053
        },
        "batch_6": {
            "tp": 1369,
            "fp": 703,
            "fn": 275,
            "recall": 0.8327250608272506,
            "precision": 0.6607142857142857,
            "f1": 0.7368137782561895
        },
        "batch_7": {
            "tp": 1576,
            "fp": 871,
            "fn": 317,
            "recall": 0.8325409403063919,
            "precision": 0.6440539436044136,
            "f1": 0.7262672811059908
        },
        "batch_8": {
            "tp": 1814,
            "fp": 1008,
            "fn": 368,
            "recall": 0.8313473877176902,
            "precision": 0.6428065201984409,
            "f1": 0.7250199840127898
        },
        "batch_9": {
            "tp": 1918,
            "fp": 1115,
            "fn": 406,
            "recall": 0.8253012048192772,
            "precision": 0.6323771843059677,
            "f1": 0.716072428598096
        },
        "batch_10": {
            "tp": 2138,
            "fp": 1261,
            "fn": 452,
            "recall": 0.8254826254826255,
            "precision": 0.6290085319211532,
            "f1": 0.7139756219736182
        },
        "batch_11": {
            "tp": 2277,
            "fp": 1422,
            "fn": 495,
            "recall": 0.8214285714285714,
            "precision": 0.6155717761557178,
            "f1": 0.7037552155771905
        },
        "batch_12": {
            "tp": 2497,
            "fp": 1547,
            "fn": 550,
            "recall": 0.8194945848375451,
            "precision": 0.6174579624134521,
            "f1": 0.7042730221407418
        },
        "batch_13": {
            "tp": 2819,
            "fp": 1581,
            "fn": 564,
            "recall": 0.8332840673958025,
            "precision": 0.6406818181818181,
            "f1": 0.724399331877168
        },
        "batch_14": {
            "tp": 3112,
            "fp": 1638,
            "fn": 591,
            "recall": 0.8403996759384283,
            "precision": 0.655157894736842,
            "f1": 0.7363066366970307
        },
        "batch_15": {
            "tp": 3204,
            "fp": 1725,
            "fn": 651,
            "recall": 0.8311284046692607,
            "precision": 0.6500304321363359,
            "f1": 0.7295081967213115
        },
        "batch_16": {
            "tp": 3433,
            "fp": 1827,
            "fn": 710,
            "recall": 0.8286265990827902,
            "precision": 0.6526615969581749,
            "f1": 0.7301924917579495
        },
        "batch_17": {
            "tp": 3551,
            "fp": 1968,
            "fn": 753,
            "recall": 0.825046468401487,
            "precision": 0.6434136618952708,
            "f1": 0.7229970477450881
        },
        "batch_18": {
            "tp": 3597,
            "fp": 1989,
            "fn": 771,
            "recall": 0.823489010989011,
            "precision": 0.6439312567132116,
            "f1": 0.7227245328511152
        }
    },
    "batch_cnt": 18,
    "completed": true
}