{
    "batches": {
        "batch_1": {
            "tp": 297,
            "fp": 46,
            "fn": 61,
            "recall": 0.8296089385474861,
            "precision": 0.8658892128279884,
            "f1": 0.847360912981455
        },
        "batch_2": {
            "tp": 602,
            "fp": 84,
            "fn": 159,
            "recall": 0.7910643889618922,
            "precision": 0.8775510204081632,
            "f1": 0.8320663441603317
        },
        "batch_3": {
            "tp": 671,
            "fp": 139,
            "fn": 303,
            "recall": 0.688911704312115,
            "precision": 0.828395061728395,
            "f1": 0.7522421524663677
        },
        "batch_4": {
            "tp": 815,
            "fp": 178,
            "fn": 396,
            "recall": 0.6729975227085053,
            "precision": 0.8207452165156093,
            "f1": 0.7395644283121597
        },
        "batch_5": {
            "tp": 1081,
            "fp": 300,
            "fn": 457,
            "recall": 0.7028608582574772,
            "precision": 0.782766111513396,
            "f1": 0.7406646111682084
        },
        "batch_6": {
            "tp": 1268,
            "fp": 360,
            "fn": 526,
            "recall": 0.7068004459308808,
            "precision": 0.7788697788697788,
            "f1": 0.7410870835768557
        },
        "batch_7": {
            "tp": 1472,
            "fp": 434,
            "fn": 572,
            "recall": 0.7201565557729941,
            "precision": 0.7722980062959076,
            "f1": 0.7453164556962025
        },
        "batch_8": {
            "tp": 1712,
            "fp": 507,
            "fn": 623,
            "recall": 0.7331905781584582,
            "precision": 0.7715187021180712,
            "f1": 0.7518664909969257
        },
        "batch_9": {
            "tp": 1793,
            "fp": 540,
            "fn": 687,
            "recall": 0.722983870967742,
            "precision": 0.7685383626232319,
            "f1": 0.7450654477456887
        },
        "batch_10": {
            "tp": 2009,
            "fp": 619,
            "fn": 741,
            "recall": 0.7305454545454545,
            "precision": 0.7644596651445966,
            "f1": 0.7471178876905913
        },
        "batch_11": {
            "tp": 2138,
            "fp": 696,
            "fn": 793,
            "recall": 0.7294438758103037,
            "precision": 0.7544107268877911,
            "f1": 0.7417172593235039
        },
        "batch_12": {
            "tp": 2360,
            "fp": 748,
            "fn": 846,
            "recall": 0.7361197754210854,
            "precision": 0.7593307593307593,
            "f1": 0.7475451377890403
        },
        "batch_13": {
            "tp": 2663,
            "fp": 772,
            "fn": 880,
            "recall": 0.7516229184307084,
            "precision": 0.775254730713246,
            "f1": 0.7632559472628261
        },
        "batch_14": {
            "tp": 2940,
            "fp": 811,
            "fn": 923,
            "recall": 0.7610665286047114,
            "precision": 0.7837909890695814,
            "f1": 0.7722616233254531
        },
        "batch_15": {
            "tp": 2993,
            "fp": 824,
            "fn": 1074,
            "recall": 0.7359232849766413,
            "precision": 0.7841236573225046,
            "f1": 0.7592592592592592
        },
        "batch_16": {
            "tp": 3152,
            "fp": 860,
            "fn": 1269,
            "recall": 0.7129608685817689,
            "precision": 0.7856430707876371,
            "f1": 0.7475394284359066
        },
        "batch_17": {
            "tp": 3224,
            "fp": 905,
            "fn": 1417,
            "recall": 0.6946778711484594,
            "precision": 0.7808186001453137,
            "f1": 0.7352337514253136
        },
        "batch_18": {
            "tp": 3266,
            "fp": 922,
            "fn": 1446,
            "recall": 0.6931239388794567,
            "precision": 0.779847182425979,
            "f1": 0.7339325842696629
        }
    },
    "batch_cnt": 18,
    "completed": true
}