{
    "batches": {
        "batch_1": {
            "tp": 592,
            "fp": 474,
            "fn": 499,
            "recall": 0.5426214482126489,
            "precision": 0.5553470919324578,
            "f1": 0.5489105238757533
        },
        "batch_2": {
            "tp": 1005,
            "fp": 898,
            "fn": 1013,
            "recall": 0.49801783944499506,
            "precision": 0.5281135049921177,
            "f1": 0.5126243305279266
        },
        "batch_3": {
            "tp": 1536,
            "fp": 1358,
            "fn": 1475,
            "recall": 0.510129525074726,
            "precision": 0.5307532826537664,
            "f1": 0.5202370872142252
        },
        "batch_4": {
            "tp": 2056,
            "fp": 1803,
            "fn": 1954,
            "recall": 0.512718204488778,
            "precision": 0.5327805130862918,
            "f1": 0.5225568687253781
        },
        "batch_5": {
            "tp": 2514,
            "fp": 2138,
            "fn": 2398,
            "recall": 0.5118078175895765,
            "precision": 0.5404127257093723,
            "f1": 0.5257214554579673
        },
        "batch_6": {
            "tp": 3041,
            "fp": 2757,
            "fn": 3014,
            "recall": 0.5022295623451692,
            "precision": 0.5244912038634012,
            "f1": 0.5131190415928457
        },
        "batch_7": {
            "tp": 3573,
            "fp": 3251,
            "fn": 3514,
            "recall": 0.504162551149993,
            "precision": 0.5235932004689332,
            "f1": 0.513694198835454
        },
        "batch_8": {
            "tp": 4154,
            "fp": 3746,
            "fn": 4014,
            "recall": 0.5085700293829579,
            "precision": 0.5258227848101266,
            "f1": 0.5170525267612647
        },
        "batch_9": {
            "tp": 4838,
            "fp": 4454,
            "fn": 4721,
            "recall": 0.5061198870174705,
            "precision": 0.5206629358588033,
            "f1": 0.5132884197124822
        },
        "batch_10": {
            "tp": 5387,
            "fp": 4877,
            "fn": 5351,
            "recall": 0.5016762898118831,
            "precision": 0.5248441153546376,
            "f1": 0.5129987620226645
        },
        "batch_11": {
            "tp": 5841,
            "fp": 5305,
            "fn": 5953,
            "recall": 0.49525182296082754,
            "precision": 0.5240445002691548,
            "f1": 0.5092414995640803
        },
        "batch_12": {
            "tp": 6409,
            "fp": 5764,
            "fn": 6632,
            "recall": 0.49145004217467986,
            "precision": 0.526493058407952,
            "f1": 0.5083683667803601
        },
        "batch_13": {
            "tp": 7023,
            "fp": 6218,
            "fn": 7257,
            "recall": 0.4918067226890756,
            "precision": 0.5303980061928857,
            "f1": 0.5103738962973728
        },
        "batch_14": {
            "tp": 7634,
            "fp": 6808,
            "fn": 7864,
            "recall": 0.4925796877016389,
            "precision": 0.5285971472095278,
            "f1": 0.5099532398129593
        },
        "batch_15": {
            "tp": 8183,
            "fp": 7240,
            "fn": 8438,
            "recall": 0.49232898140906084,
            "precision": 0.5305712247941387,
            "f1": 0.5107352390463112
        },
        "batch_16": {
            "tp": 8689,
            "fp": 7663,
            "fn": 8925,
            "recall": 0.4933007834676961,
            "precision": 0.5313723091976517,
            "f1": 0.5116292763351586
        },
        "batch_17": {
            "tp": 9262,
            "fp": 8234,
            "fn": 9552,
            "recall": 0.49229297331774213,
            "precision": 0.5293781435756745,
            "f1": 0.5101624896722665
        },
        "batch_18": {
            "tp": 9765,
            "fp": 8706,
            "fn": 10028,
            "recall": 0.4933562370535038,
            "precision": 0.5286665583888257,
            "f1": 0.5104014217018606
        },
        "batch_19": {
            "tp": 10307,
            "fp": 9170,
            "fn": 10633,
            "recall": 0.49221585482330465,
            "precision": 0.5291882733480515,
            "f1": 0.5100329069450973
        },
        "batch_20": {
            "tp": 10873,
            "fp": 9566,
            "fn": 11175,
            "recall": 0.4931513062409289,
            "precision": 0.5319731885121581,
            "f1": 0.5118271471273566
        },
        "batch_21": {
            "tp": 11448,
            "fp": 10026,
            "fn": 11653,
            "recall": 0.49556296264230987,
            "precision": 0.5331098072087175,
            "f1": 0.5136511497476163
        },
        "batch_22": {
            "tp": 11958,
            "fp": 10403,
            "fn": 12159,
            "recall": 0.49583281502674464,
            "precision": 0.5347703591073745,
            "f1": 0.514566031240587
        },
        "batch_23": {
            "tp": 12586,
            "fp": 10806,
            "fn": 12681,
            "recall": 0.498120077571536,
            "precision": 0.538047195622435,
            "f1": 0.5173143714420766
        },
        "batch_24": {
            "tp": 13283,
            "fp": 11264,
            "fn": 13241,
            "recall": 0.5007917357864575,
            "precision": 0.5411251884140628,
            "f1": 0.5201777917017485
        },
        "batch_25": {
            "tp": 13899,
            "fp": 11793,
            "fn": 13756,
            "recall": 0.5025854275899476,
            "precision": 0.5409855207846801,
            "f1": 0.5210789735130373
        },
        "batch_26": {
            "tp": 14586,
            "fp": 12271,
            "fn": 14325,
            "recall": 0.5045138528587735,
            "precision": 0.5430986335033697,
            "f1": 0.5230956821116052
        },
        "batch_27": {
            "tp": 15114,
            "fp": 12759,
            "fn": 14789,
            "recall": 0.5054342373674882,
            "precision": 0.5422451835109245,
            "f1": 0.523193021323733
        },
        "batch_28": {
            "tp": 15717,
            "fp": 13147,
            "fn": 15275,
            "recall": 0.5071308724832215,
            "precision": 0.5445191241685144,
            "f1": 0.5251603849238171
        },
        "batch_29": {
            "tp": 16349,
            "fp": 13624,
            "fn": 15708,
            "recall": 0.5099978163895561,
            "precision": 0.5454575784873053,
            "f1": 0.5271320328873127
        },
        "batch_30": {
            "tp": 16851,
            "fp": 14129,
            "fn": 16124,
            "recall": 0.5110235026535254,
            "precision": 0.5439315687540348,
            "f1": 0.5269642717535767
        },
        "batch_31": {
            "tp": 17378,
            "fp": 14569,
            "fn": 16675,
            "recall": 0.5103221448917863,
            "precision": 0.5439634394465834,
            "f1": 0.5266060606060605
        },
        "batch_32": {
            "tp": 17950,
            "fp": 15001,
            "fn": 17257,
            "recall": 0.5098417928252904,
            "precision": 0.5447482625716974,
            "f1": 0.5267173332550837
        },
        "batch_33": {
            "tp": 18592,
            "fp": 15484,
            "fn": 17785,
            "recall": 0.5110921736261924,
            "precision": 0.5456039441248973,
            "f1": 0.5277844804337644
        },
        "batch_34": {
            "tp": 19263,
            "fp": 15884,
            "fn": 18354,
            "recall": 0.5120823032139724,
            "precision": 0.5480695365180528,
            "f1": 0.5294651201143423
        },
        "batch_35": {
            "tp": 19852,
            "fp": 16356,
            "fn": 18863,
            "recall": 0.5127728270696112,