{
    "batches": {
        "batch_1": {
            "tp": 310,
            "fp": 38,
            "fn": 47,
            "recall": 0.8683473389355743,
            "precision": 0.8908045977011494,
            "f1": 0.8794326241134752
        },
        "batch_2": {
            "tp": 609,
            "fp": 76,
            "fn": 140,
            "recall": 0.8130841121495327,
            "precision": 0.8890510948905109,
            "f1": 0.8493723849372385
        },
        "batch_3": {
            "tp": 692,
            "fp": 136,
            "fn": 244,
            "recall": 0.7393162393162394,
            "precision": 0.8357487922705314,
            "f1": 0.7845804988662132
        },
        "batch_4": {
            "tp": 825,
            "fp": 168,
            "fn": 348,
            "recall": 0.7033248081841432,
            "precision": 0.8308157099697885,
            "f1": 0.7617728531855956
        },
        "batch_5": {
            "tp": 1076,
            "fp": 303,
            "fn": 427,
            "recall": 0.7159015302727878,
            "precision": 0.7802755620014503,
            "f1": 0.7467036780013879
        },
        "batch_6": {
            "tp": 1267,
            "fp": 397,
            "fn": 493,
            "recall": 0.7198863636363636,
            "precision": 0.7614182692307693,
            "f1": 0.740070093457944
        },
        "batch_7": {
            "tp": 1484,
            "fp": 538,
            "fn": 526,
            "recall": 0.7383084577114428,
            "precision": 0.7339268051434223,
            "f1": 0.736111111111111
        },
        "batch_8": {
            "tp": 1724,
            "fp": 631,
            "fn": 573,
            "recall": 0.7505441880713974,
            "precision": 0.7320594479830148,
            "f1": 0.7411865864144452
        },
        "batch_9": {
            "tp": 1818,
            "fp": 670,
            "fn": 624,
            "recall": 0.7444717444717445,
            "precision": 0.7307073954983923,
            "f1": 0.7375253549695742
        },
        "batch_10": {
            "tp": 2031,
            "fp": 762,
            "fn": 679,
            "recall": 0.7494464944649446,
            "precision": 0.7271750805585392,
            "f1": 0.7381428311829911
        },
        "batch_11": {
            "tp": 2176,
            "fp": 883,
            "fn": 714,
            "recall": 0.7529411764705882,
            "precision": 0.7113435763321346,
            "f1": 0.731551521264078
        },
        "batch_12": {
            "tp": 2412,
            "fp": 984,
            "fn": 755,
            "recall": 0.7616040416798232,
            "precision": 0.7102473498233216,
            "f1": 0.7350297120219412
        },
        "batch_13": {
            "tp": 2731,
            "fp": 1006,
            "fn": 773,
            "recall": 0.7793949771689498,
            "precision": 0.7308001070377308,
            "f1": 0.7543157022510703
        },
        "batch_14": {
            "tp": 3020,
            "fp": 1060,
            "fn": 797,
            "recall": 0.7911972753471312,
            "precision": 0.7401960784313726,
            "f1": 0.7648474104090162
        },
        "batch_15": {
            "tp": 3071,
            "fp": 1086,
            "fn": 937,
            "recall": 0.7662175648702595,
            "precision": 0.7387539090690401,
            "f1": 0.7522351500306185
        },
        "batch_16": {
            "tp": 3239,
            "fp": 1117,
            "fn": 1113,
            "recall": 0.7442555147058824,
            "precision": 0.7435720844811754,
            "f1": 0.7439136426274691
        },
        "batch_17": {
            "tp": 3330,
            "fp": 1172,
            "fn": 1222,
            "recall": 0.7315465729349736,
            "precision": 0.7396712572190137,
            "f1": 0.73558648111332
        },
        "batch_18": {
            "tp": 3370,
            "fp": 1187,
            "fn": 1255,
            "recall": 0.7286486486486486,
            "precision": 0.739521615097652,
            "f1": 0.734044870398606
        }
    },
    "batch_cnt": 18,
    "completed": true
}