{
    "batches": {
        "batch_1": {
            "tp": 184,
            "fp": 50,
            "fn": 84,
            "recall": 0.6865671641791045,
            "precision": 0.7863247863247863,
            "f1": 0.7330677290836652
        },
        "batch_2": {
            "tp": 401,
            "fp": 115,
            "fn": 188,
            "recall": 0.6808149405772496,
            "precision": 0.7771317829457365,
            "f1": 0.7257918552036198
        },
        "batch_3": {
            "tp": 591,
            "fp": 173,
            "fn": 286,
            "recall": 0.6738882554161916,
            "precision": 0.7735602094240838,
            "f1": 0.720292504570384
        },
        "batch_4": {
            "tp": 844,
            "fp": 252,
            "fn": 381,
            "recall": 0.6889795918367347,
            "precision": 0.7700729927007299,
            "f1": 0.7272727272727273
        },
        "batch_5": {
            "tp": 979,
            "fp": 337,
            "fn": 467,
            "recall": 0.6770401106500692,
            "precision": 0.743920972644377,
            "f1": 0.7089065894279508
        },
        "batch_6": {
            "tp": 1041,
            "fp": 396,
            "fn": 516,
            "recall": 0.6685934489402697,
            "precision": 0.7244258872651357,
            "f1": 0.6953907815631262
        },
        "batch_7": {
            "tp": 1224,
            "fp": 473,
            "fn": 618,
            "recall": 0.6644951140065146,
            "precision": 0.7212728344136712,
            "f1": 0.6917208250918337
        },
        "batch_8": {
            "tp": 1458,
            "fp": 540,
            "fn": 688,
            "recall": 0.679403541472507,
            "precision": 0.7297297297297297,
            "f1": 0.7036679536679536
        },
        "batch_9": {
            "tp": 1632,
            "fp": 631,
            "fn": 838,
            "recall": 0.6607287449392713,
            "precision": 0.7211665930181176,
            "f1": 0.6896260300021128
        },
        "batch_10": {
            "tp": 1810,
            "fp": 729,
            "fn": 949,
            "recall": 0.6560347952156579,
            "precision": 0.7128790862544309,
            "f1": 0.6832767081917704
        },
        "batch_11": {
            "tp": 1988,
            "fp": 802,
            "fn": 1016,
            "recall": 0.6617842876165113,
            "precision": 0.7125448028673835,
            "f1": 0.6862271315153606
        },
        "batch_12": {
            "tp": 2076,
            "fp": 830,
            "fn": 1050,
            "recall": 0.6641074856046065,
            "precision": 0.7143840330350998,
            "f1": 0.6883289124668436
        },
        "batch_13": {
            "tp": 2198,
            "fp": 899,
            "fn": 1093,
            "recall": 0.6678821027043452,
            "precision": 0.7097190829835325,
            "f1": 0.6881653099561678
        },
        "batch_14": {
            "tp": 2338,
            "fp": 954,
            "fn": 1121,
            "recall": 0.6759178953454755,
            "precision": 0.7102065613608749,
            "f1": 0.6926381276847874
        },
        "batch_15": {
            "tp": 2572,
            "fp": 1037,
            "fn": 1220,
            "recall": 0.6782700421940928,
            "precision": 0.7126627874757551,
            "f1": 0.6950412106472099
        },
        "batch_16": {
            "tp": 2763,
            "fp": 1119,
            "fn": 1286,
            "recall": 0.6823907137564831,
            "precision": 0.7117465224111282,
            "f1": 0.6967595511284831
        },
        "batch_17": {
            "tp": 2807,
            "fp": 1159,
            "fn": 1295,
            "recall": 0.6843003412969283,
            "precision": 0.7077660110943016,
            "f1": 0.6958353991075856
        },
        "batch_18": {
            "tp": 2925,
            "fp": 1203,
            "fn": 1365,
            "recall": 0.6818181818181818,
            "precision": 0.7085755813953488,
            "f1": 0.6949394155381325
        },
        "batch_19": {
            "tp": 3050,
            "fp": 1279,
            "fn": 1430,
            "recall": 0.6808035714285714,
            "precision": 0.7045507045507046,
            "f1": 0.6924736065387672
        },
        "batch_20": {
            "tp": 3211,
            "fp": 1336,
            "fn": 1471,
            "recall": 0.6858180264844084,
            "precision": 0.7061798988343964,
            "f1": 0.6958500379239355
        },
        "batch_21": {
            "tp": 3285,
            "fp": 1388,
            "fn": 1521,
            "recall": 0.6835205992509363,
            "precision": 0.7029745345602397,
            "f1": 0.6931110876674755
        },
        "batch_22": {
            "tp": 3291,
            "fp": 1411,
            "fn": 1524,
            "recall": 0.6834890965732088,
            "precision": 0.6999149298170991,
            "f1": 0.6916044972155092
        },
        "batch_23": {
            "tp": 3396,
            "fp": 1495,
            "fn": 1599,
            "recall": 0.6798798798798799,
            "precision": 0.6943365364956041,
            "f1": 0.6870321667003844
        },
        "batch_24": {
            "tp": 3495,
            "fp": 1554,
            "fn": 1660,
            "recall": 0.6779825412221144,
            "precision": 0.6922162804515746,
            "f1": 0.6850254802038417
        },
        "batch_25": {
            "tp": 3538,
            "fp": 1596,
            "fn": 1710,
            "recall": 0.6741615853658537,
            "precision": 0.6891312816517335,
            "f1": 0.6815642458100558
        },
        "batch_26": {
            "tp": 3635,
            "fp": 1624,
            "fn": 1768,
            "recall": 0.6727743846011475,
            "precision": 0.6911960448754516,
            "f1": 0.6818608141061715
        },
        "batch_27": {
            "tp": 3733,
            "fp": 1663,
            "fn": 1839,
            "recall": 0.6699569274946159,
            "precision": 0.6918087472201631,
            "f1": 0.6807075127644056
        },
        "batch_28": {
            "tp": 3783,
            "fp": 1709,
            "fn": 1873,
            "recall": 0.6688472418670438,
            "precision": 0.6888201019664967,
            "f1": 0.6786867599569429
        },
        "batch_29": {
            "tp": 3838,
            "fp": 1752,
            "fn": 1902,
            "recall": 0.6686411149825784,
            "precision": 0.6865831842576029,
            "f1": 0.6774933804060017
        },
        "batch_30": {
            "tp": 3879,
            "fp": 1790,
            "fn": 1922,
            "recall": 0.6686778141699707,
            "precision": 0.6842476627271123,
            "f1": 0.6763731473408893
        },
        "batch_31": {
            "tp": 3933,
            "fp": 1811,
            "fn": 1937,
            "recall": 0.6700170357751277,
            "precision": 0.6847144846796658,
            "f1": 0.6772860340967797
        },
        "batch_32": {
            "tp": 4119,
            "fp": 1852,
            "fn": 1977,
            "recall": 0.6756889763779528,
            "precision": 0.6898341986266957,
            "f1": 0.6826883235269743
        },
        "batch_33": {
            "tp": 4273,
            "fp": 1900,
            "fn": 2019,
            "recall": 0.6791163382072473,
            "precision": 0.6922080025919326,
            "f1": 0.685599679101484
        },
        "batch_34": {
            "tp": 4454,
            "fp": 1999,
            "fn": 2090,
            "recall": 0.6806234718826406,
            "precision": 0.6902216023554936,
            "f1": 0.6853889359082865
        },
        "batch_35": {
            "tp": 4523,
            "fp": 2045,
            "fn": 2110,
            "recall": 0.6818935624905774,
            "precision": 0.6886419001218027,
            "f1": 0.6852511173395954
        },