{
    "batches": {
        "batch_1": {
            "tp": 249,
            "fp": 105,
            "fn": 120,
            "recall": 0.6747967479674797,
            "precision": 0.7033898305084746,
            "f1": 0.6887966804979254
        },
        "batch_2": {
            "tp": 357,
            "fp": 161,
            "fn": 146,
            "recall": 0.709741550695825,
            "precision": 0.6891891891891891,
            "f1": 0.6993143976493633
        },
        "batch_3": {
            "tp": 566,
            "fp": 234,
            "fn": 191,
            "recall": 0.7476882430647291,
            "precision": 0.7075,
            "f1": 0.7270391779062298
        },
        "batch_4": {
            "tp": 710,
            "fp": 320,
            "fn": 251,
            "recall": 0.7388137356919875,
            "precision": 0.6893203883495146,
            "f1": 0.7132094424912104
        },
        "batch_5": {
            "tp": 905,
            "fp": 396,
            "fn": 318,
            "recall": 0.7399836467702371,
            "precision": 0.6956187548039969,
            "f1": 0.7171156893819334
        },
        "batch_6": {
            "tp": 1118,
            "fp": 474,
            "fn": 405,
            "recall": 0.7340774786605384,
            "precision": 0.7022613065326633,
            "f1": 0.7178170144462279
        },
        "batch_7": {
            "tp": 1270,
            "fp": 530,
            "fn": 500,
            "recall": 0.7175141242937854,
            "precision": 0.7055555555555556,
            "f1": 0.711484593837535
        },
        "batch_8": {
            "tp": 1441,
            "fp": 629,
            "fn": 614,
            "recall": 0.7012165450121655,
            "precision": 0.6961352657004831,
            "f1": 0.6986666666666667
        },
        "batch_9": {
            "tp": 1612,
            "fp": 705,
            "fn": 704,
            "recall": 0.696027633851468,
            "precision": 0.6957272334915839,
            "f1": 0.6958774012518886
        },
        "batch_10": {
            "tp": 1735,
            "fp": 775,
            "fn": 783,
            "recall": 0.6890389197776012,
            "precision": 0.6912350597609562,
            "f1": 0.6901352426412092
        },
        "batch_11": {
            "tp": 1853,
            "fp": 853,
            "fn": 860,
            "recall": 0.683007740508662,
            "precision": 0.6847745750184775,
            "f1": 0.6838900166082302
        },
        "batch_12": {
            "tp": 1988,
            "fp": 947,
            "fn": 931,
            "recall": 0.6810551558752997,
            "precision": 0.6773424190800681,
            "f1": 0.6791937137000341
        },
        "batch_13": {
            "tp": 2177,
            "fp": 1046,
            "fn": 1013,
            "recall": 0.6824451410658308,
            "precision": 0.6754576481538939,
            "f1": 0.678933416497739
        },
        "batch_14": {
            "tp": 2359,
            "fp": 1147,
            "fn": 1111,
            "recall": 0.6798270893371758,
            "precision": 0.6728465487735311,
            "f1": 0.6763188073394496
        },
        "batch_15": {
            "tp": 2566,
            "fp": 1267,
            "fn": 1225,
            "recall": 0.6768662621999473,
            "precision": 0.6694495173493348,
            "f1": 0.6731374606505771
        },
        "batch_16": {
            "tp": 2791,
            "fp": 1414,
            "fn": 1388,
            "recall": 0.6678631251495573,
            "precision": 0.6637336504161713,
            "f1": 0.6657919847328244
        },
        "batch_17": {
            "tp": 3057,
            "fp": 1541,
            "fn": 1500,
            "recall": 0.6708360763660303,
            "precision": 0.6648542844715094,
            "f1": 0.6678317859093392
        },
        "batch_18": {
            "tp": 3242,
            "fp": 1627,
            "fn": 1548,
            "recall": 0.6768267223382046,
            "precision": 0.6658451427397823,
            "f1": 0.6712910239155192
        },
        "batch_19": {
            "tp": 3414,
            "fp": 1715,
            "fn": 1589,
            "recall": 0.6823905656606036,
            "precision": 0.6656268278416846,
            "f1": 0.6739044611133045
        },
        "batch_20": {
            "tp": 3540,
            "fp": 1782,
            "fn": 1639,
            "recall": 0.6835296389264337,
            "precision": 0.6651634723788049,
            "f1": 0.6742215027140271
        },
        "batch_21": {
            "tp": 3643,
            "fp": 1848,
            "fn": 1663,
            "recall": 0.6865812287975877,
            "precision": 0.663449280641049,
            "f1": 0.6748170788181902
        },
        "batch_22": {
            "tp": 3730,
            "fp": 1887,
            "fn": 1683,
            "recall": 0.6890818400147792,
            "precision": 0.6640555456649457,
            "f1": 0.6763372620126927
        },
        "batch_23": {
            "tp": 3781,
            "fp": 1931,
            "fn": 1707,
            "recall": 0.6889577259475219,
            "precision": 0.6619397759103641,
            "f1": 0.6751785714285714
        },
        "batch_24": {
            "tp": 3843,
            "fp": 1961,
            "fn": 1731,
            "recall": 0.6894510226049516,
            "precision": 0.6621295658166781,
            "f1": 0.6755141501142555
        },
        "batch_25": {
            "tp": 3862,
            "fp": 1974,
            "fn": 1735,
            "recall": 0.6900125067000179,
            "precision": 0.6617546264564771,
            "f1": 0.6755882095687922
        },
        "batch_26": {
            "tp": 3904,
            "fp": 1994,
            "fn": 1751,
            "recall": 0.6903625110521662,
            "precision": 0.6619192946761614,
            "f1": 0.6758417726997316
        },
        "batch_27": {
            "tp": 3962,
            "fp": 2015,
            "fn": 1769,
            "recall": 0.6913278659919735,
            "precision": 0.6628743516814456,
            "f1": 0.6768021865391185
        },
        "batch_28": {
            "tp": 4031,
            "fp": 2042,
            "fn": 1798,
            "recall": 0.6915422885572139,
            "precision": 0.6637576156759427,
            "f1": 0.6773651487145017
        },
        "batch_29": {
            "tp": 4074,
            "fp": 2073,
            "fn": 1811,
            "recall": 0.6922684791843671,
            "precision": 0.6627623230844314,
            "f1": 0.6771941489361702
        },
        "batch_30": {
            "tp": 4126,
            "fp": 2136,
            "fn": 1860,
            "recall": 0.6892749749415302,
            "precision": 0.6588949217502396,
            "f1": 0.6737426518615285
        },
        "batch_31": {
            "tp": 4216,
            "fp": 2210,
            "fn": 1912,
            "recall": 0.6879895561357703,
            "precision": 0.656084656084656,
            "f1": 0.6716584355583878
        },
        "batch_32": {
            "tp": 4303,
            "fp": 2268,
            "fn": 1944,
            "recall": 0.688810629101969,
            "precision": 0.6548470552427332,
            "f1": 0.6713995943204869
        },
        "batch_33": {
            "tp": 4375,
            "fp": 2331,
            "fn": 1984,
            "recall": 0.6880012580594433,
            "precision": 0.6524008350730689,
            "f1": 0.6697282816685802
        },
        "batch_34": {
            "tp": 4434,
            "fp": 2380,
            "fn": 2003,
            "recall": 0.6888302004039148,
            "precision": 0.6507191077194012,
            "f1": 0.6692325107539053
        },
        "batch_35": {
            "tp": 4525,
            "fp": 2417,
            "fn": 2025,
            "recall": 0.6908396946564885,
            "precision": 0.6518294439642754,
            "f1": 0.6707678624369996
        },