{
    "batches": {
        "batch_1": {
            "tp": 730,
            "fp": 119,
            "fn": 448,
            "recall": 0.6196943972835314,
            "precision": 0.8598351001177856,
            "f1": 0.7202762703502713
        },
        "batch_2": {
            "tp": 1317,
            "fp": 246,
            "fn": 885,
            "recall": 0.5980926430517711,
            "precision": 0.8426103646833013,
            "f1": 0.699601593625498
        },
        "batch_3": {
            "tp": 1980,
            "fp": 413,
            "fn": 1288,
            "recall": 0.605875152998776,
            "precision": 0.8274132887588801,
            "f1": 0.6995230524642289
        },
        "batch_4": {
            "tp": 2644,
            "fp": 543,
            "fn": 1716,
            "recall": 0.6064220183486239,
            "precision": 0.8296203326011924,
            "f1": 0.7006757652047171
        },
        "batch_5": {
            "tp": 3178,
            "fp": 624,
            "fn": 2122,
            "recall": 0.599622641509434,
            "precision": 0.8358758548132562,
            "f1": 0.6983080641617229
        },
        "batch_6": {
            "tp": 3953,
            "fp": 840,
            "fn": 2595,
            "recall": 0.6036957849725106,
            "precision": 0.8247444189442937,
            "f1": 0.6971166563795079
        },
        "batch_7": {
            "tp": 4627,
            "fp": 1023,
            "fn": 2994,
            "recall": 0.6071381708437213,
            "precision": 0.8189380530973451,
            "f1": 0.6973099238942054
        },
        "batch_8": {
            "tp": 5234,
            "fp": 1141,
            "fn": 3556,
            "recall": 0.5954493742889647,
            "precision": 0.8210196078431372,
            "f1": 0.6902736564457632
        },
        "batch_9": {
            "tp": 6017,
            "fp": 1354,
            "fn": 4288,
            "recall": 0.5838913148956817,
            "precision": 0.816307149640483,
            "f1": 0.6808101380402806
        },
        "batch_10": {
            "tp": 6706,
            "fp": 1506,
            "fn": 4833,
            "recall": 0.5811595458878586,
            "precision": 0.81660983925962,
            "f1": 0.6790542251025264
        },
        "batch_11": {
            "tp": 7344,
            "fp": 1649,
            "fn": 5310,
            "recall": 0.5803698435277382,
            "precision": 0.8166351606805293,
            "f1": 0.6785235829445189
        },
        "batch_12": {
            "tp": 8061,
            "fp": 1793,
            "fn": 5938,
            "recall": 0.5758268447746268,
            "precision": 0.818043434138421,
            "f1": 0.6758898251792227
        },
        "batch_13": {
            "tp": 8811,
            "fp": 1949,
            "fn": 6534,
            "recall": 0.5741935483870968,
            "precision": 0.8188661710037175,
            "f1": 0.675043095192492
        },
        "batch_14": {
            "tp": 9620,
            "fp": 2156,
            "fn": 7078,
            "recall": 0.5761169002275721,
            "precision": 0.8169157608695652,
            "f1": 0.67570415115544
        },
        "batch_15": {
            "tp": 10321,
            "fp": 2259,
            "fn": 7562,
            "recall": 0.5771403008443774,
            "precision": 0.8204292527821939,
            "f1": 0.677608902603158
        },
        "batch_16": {
            "tp": 10994,
            "fp": 2383,
            "fn": 7931,
            "recall": 0.5809247027741083,
            "precision": 0.8218584136951483,
            "f1": 0.6807008853940932
        },
        "batch_17": {
            "tp": 11749,
            "fp": 2506,
            "fn": 8529,
            "recall": 0.579396390176546,
            "precision": 0.8242020343739039,
            "f1": 0.6804505834998407
        },
        "batch_18": {
            "tp": 12373,
            "fp": 2613,
            "fn": 8994,
            "recall": 0.5790705293209154,
            "precision": 0.8256372614440144,
            "f1": 0.6807141088768465
        },
        "batch_19": {
            "tp": 13067,
            "fp": 2756,
            "fn": 9504,
            "recall": 0.5789287138363387,
            "precision": 0.8258231688049043,
            "f1": 0.6806792728030422
        },
        "batch_20": {
            "tp": 13740,
            "fp": 2864,
            "fn": 10053,
            "recall": 0.5774807716555289,
            "precision": 0.827511443025777,
            "f1": 0.6802485333069287
        },
        "batch_21": {
            "tp": 14441,
            "fp": 3017,
            "fn": 10475,
            "recall": 0.5795874137100658,
            "precision": 0.8271852445870088,
            "f1": 0.6815972058337659
        },
        "batch_22": {
            "tp": 15133,
            "fp": 3143,
            "fn": 10870,
            "recall": 0.5819713110025766,
            "precision": 0.8280258262201795,
            "f1": 0.6835294383341991
        },
        "batch_23": {
            "tp": 15805,
            "fp": 3270,
            "fn": 11424,
            "recall": 0.580447317198575,
            "precision": 0.8285714285714286,
            "f1": 0.682662404975812
        },
        "batch_24": {
            "tp": 16616,
            "fp": 3395,
            "fn": 11959,
            "recall": 0.5814873140857393,
            "precision": 0.8303433111788516,
            "f1": 0.6839830403820031
        },
        "batch_25": {
            "tp": 17391,
            "fp": 3571,
            "fn": 12385,
            "recall": 0.5840609887157442,
            "precision": 0.8296441179276787,
            "f1": 0.6855216997122472
        },
        "batch_26": {
            "tp": 18268,
            "fp": 3735,
            "fn": 12831,
            "recall": 0.5874143863146725,
            "precision": 0.8302504203972185,
            "f1": 0.6880343489887387
        },
        "batch_27": {
            "tp": 18923,
            "fp": 3851,
            "fn": 13248,
            "recall": 0.5882005532933388,
            "precision": 0.8309036620707825,
            "f1": 0.688797888797889
        },
        "batch_28": {
            "tp": 19593,
            "fp": 3980,
            "fn": 13714,
            "recall": 0.5882547212297715,
            "precision": 0.831162770966784,
            "f1": 0.6889240506329114
        },
        "batch_29": {
            "tp": 20271,
            "fp": 4082,
            "fn": 14242,
            "recall": 0.587343899400226,
            "precision": 0.832382047386359,
            "f1": 0.6887167465090206
        },
        "batch_30": {
            "tp": 20887,
            "fp": 4214,
            "fn": 14643,
            "recall": 0.58786940613566,
            "precision": 0.8321182423011035,
            "f1": 0.6889874816513004
        },
        "batch_31": {
            "tp": 21568,
            "fp": 4379,
            "fn": 15092,
            "recall": 0.5883251500272777,
            "precision": 0.8312328978301923,
            "f1": 0.6889964380979763
        },
        "batch_32": {
            "tp": 22357,
            "fp": 4533,
            "fn": 15586,
            "recall": 0.5892259441794271,
            "precision": 0.8314243213090368,
            "f1": 0.6896796384557248
        },
        "batch_33": {
            "tp": 23137,
            "fp": 4670,
            "fn": 16048,
            "recall": 0.5904555314533623,
            "precision": 0.832056676376452,
            "f1": 0.6907391927394316
        },
        "batch_34": {
            "tp": 23985,
            "fp": 4809,
            "fn": 16549,
            "recall": 0.5917254650416934,
            "precision": 0.8329860387580746,
            "f1": 0.691928225248096
        },
        "batch_35": {
            "tp": 24698,
            "fp": 4969,
            "fn": 17086,
            "recall": 0.5910874976067394,
            "precision": 0.8325074999157313,