{
    "batches": {
        "batch_1": {
            "tp": 828,
            "fp": 216,
            "fn": 332,
            "recall": 0.7137931034482758,
            "precision": 0.7931034482758621,
            "f1": 0.7513611615245009
        },
        "batch_2": {
            "tp": 1544,
            "fp": 398,
            "fn": 631,
            "recall": 0.7098850574712644,
            "precision": 0.7950566426364573,
            "f1": 0.7500607238280301
        },
        "batch_3": {
            "tp": 2316,
            "fp": 584,
            "fn": 949,
            "recall": 0.7093415007656968,
            "precision": 0.7986206896551724,
            "f1": 0.751338199513382
        },
        "batch_4": {
            "tp": 3119,
            "fp": 819,
            "fn": 1230,
            "recall": 0.7171763623821568,
            "precision": 0.7920264093448451,
            "f1": 0.7527452636659828
        },
        "batch_5": {
            "tp": 3812,
            "fp": 1020,
            "fn": 1460,
            "recall": 0.7230652503793626,
            "precision": 0.7889072847682119,
            "f1": 0.7545526524148852
        },
        "batch_6": {
            "tp": 4691,
            "fp": 1331,
            "fn": 1832,
            "recall": 0.7191476314579182,
            "precision": 0.7789770840252408,
            "f1": 0.7478676763650858
        },
        "batch_7": {
            "tp": 5389,
            "fp": 1596,
            "fn": 2216,
            "recall": 0.7086127547666009,
            "precision": 0.7715103793843952,
            "f1": 0.738725154215216
        },
        "batch_8": {
            "tp": 6244,
            "fp": 1825,
            "fn": 2515,
            "recall": 0.7128667656125128,
            "precision": 0.773825752881398,
            "f1": 0.7420965058236273
        },
        "batch_9": {
            "tp": 7136,
            "fp": 2167,
            "fn": 3110,
            "recall": 0.6964669139176264,
            "precision": 0.7670643878318822,
            "f1": 0.730062918819377
        },
        "batch_10": {
            "tp": 8089,
            "fp": 2411,
            "fn": 3378,
            "recall": 0.7054155402459231,
            "precision": 0.7703809523809524,
            "f1": 0.7364683388719442
        },
        "batch_11": {
            "tp": 8854,
            "fp": 2662,
            "fn": 3701,
            "recall": 0.7052170450019912,
            "precision": 0.7688433483848559,
            "f1": 0.7356570146649495
        },
        "batch_12": {
            "tp": 9726,
            "fp": 2918,
            "fn": 4152,
            "recall": 0.7008214440121054,
            "precision": 0.7692186017083201,
            "f1": 0.7334288515194932
        },
        "batch_13": {
            "tp": 10673,
            "fp": 3112,
            "fn": 4556,
            "recall": 0.7008339352551054,
            "precision": 0.774247370330069,
            "f1": 0.7357137933411457
        },
        "batch_14": {
            "tp": 11622,
            "fp": 3420,
            "fn": 4935,
            "recall": 0.7019387570211995,
            "precision": 0.7726366174710809,
            "f1": 0.7355928985094463
        },
        "batch_15": {
            "tp": 12541,
            "fp": 3611,
            "fn": 5204,
            "recall": 0.7067342913496759,
            "precision": 0.7764363546310055,
            "f1": 0.7399474879782871
        },
        "batch_16": {
            "tp": 13300,
            "fp": 3818,
            "fn": 5485,
            "recall": 0.7080117114719191,
            "precision": 0.7769599252249094,
            "f1": 0.7408851627997661
        },
        "batch_17": {
            "tp": 14248,
            "fp": 4027,
            "fn": 5870,
            "recall": 0.7082214931901779,
            "precision": 0.7796443228454172,
            "f1": 0.7422186336050842
        },
        "batch_18": {
            "tp": 15038,
            "fp": 4232,
            "fn": 6145,
            "recall": 0.7099088892036066,
            "precision": 0.7803840166061236,
            "f1": 0.7434800880033621
        },
        "batch_19": {
            "tp": 15994,
            "fp": 4465,
            "fn": 6376,
            "recall": 0.7149754135002235,
            "precision": 0.7817586392296789,
            "f1": 0.7468771159728221
        },
        "batch_20": {
            "tp": 16875,
            "fp": 4644,
            "fn": 6692,
            "recall": 0.7160436203165443,
            "precision": 0.7841907151819323,
            "f1": 0.7485694007008828
        },
        "batch_21": {
            "tp": 17772,
            "fp": 4844,
            "fn": 6920,
            "recall": 0.7197472865705492,
            "precision": 0.7858153519632118,
            "f1": 0.7513316986556184
        },
        "batch_22": {
            "tp": 18532,
            "fp": 4998,
            "fn": 7261,
            "recall": 0.7184895126584733,
            "precision": 0.7875903102422439,
            "f1": 0.7514546965918538
        },
        "batch_23": {
            "tp": 19410,
            "fp": 5198,
            "fn": 7595,
            "recall": 0.7187557859655619,
            "precision": 0.7887678803641093,
            "f1": 0.7521360897448318
        },
        "batch_24": {
            "tp": 20345,
            "fp": 5363,
            "fn": 8013,
            "recall": 0.7174342337259327,
            "precision": 0.7913878948187335,
            "f1": 0.7525986756926719
        },
        "batch_25": {
            "tp": 21202,
            "fp": 5575,
            "fn": 8358,
            "recall": 0.7172530446549391,
            "precision": 0.7917989319191844,
            "f1": 0.752684736496441
        },
        "batch_26": {
            "tp": 22190,
            "fp": 5802,
            "fn": 8709,
            "recall": 0.7181462183242177,
            "precision": 0.7927264932837954,
            "f1": 0.7535956258171879
        },
        "batch_27": {
            "tp": 23037,
            "fp": 5963,
            "fn": 8928,
            "recall": 0.7206945096198968,
            "precision": 0.7943793103448276,
            "f1": 0.7557450996473387
        },
        "batch_28": {
            "tp": 23861,
            "fp": 6145,
            "fn": 9241,
            "recall": 0.7208325780919582,
            "precision": 0.7952076251416383,
            "f1": 0.7561957279584206
        },
        "batch_29": {
            "tp": 24636,
            "fp": 6299,
            "fn": 9676,
            "recall": 0.717999533690837,
            "precision": 0.7963795054145789,
            "f1": 0.7551611568347969
        },
        "batch_30": {
            "tp": 25409,
            "fp": 6495,
            "fn": 9926,
            "recall": 0.7190887222300835,
            "precision": 0.7964205115346038,
            "f1": 0.7557816148366274
        },
        "batch_31": {
            "tp": 26220,
            "fp": 6727,
            "fn": 10245,
            "recall": 0.7190456602221308,
            "precision": 0.7958235954715148,
            "f1": 0.7554889644441883
        },
        "batch_32": {
            "tp": 27115,
            "fp": 6933,
            "fn": 10650,
            "recall": 0.717992850522971,
            "precision": 0.7963757048872181,
            "f1": 0.7551557517441133
        },
        "batch_33": {
            "tp": 28004,
            "fp": 7153,
            "fn": 11008,
            "recall": 0.7178304111555419,
            "precision": 0.7965412293426629,
            "f1": 0.7551402877212853
        },
        "batch_34": {
            "tp": 29085,
            "fp": 7353,
            "fn": 11266,
            "recall": 0.7207999801739734,
            "precision": 0.7982051704264779,
            "f1": 0.7575303754443996
        },
        "batch_35": {
            "tp": 29898,
            "fp": 7549,
            "fn": 11708,
            "recall": 0.7185982790943614,
            "precision": 0.7984084172296846,