{
    "batches": {
        "batch_1": {
            "tp": 970,
            "fp": 582,
            "fn": 135,
            "recall": 0.8778280542986425,
            "precision": 0.625,
            "f1": 0.7301467820850585
        },
        "batch_2": {
            "tp": 1786,
            "fp": 1129,
            "fn": 266,
            "recall": 0.8703703703703703,
            "precision": 0.6126929674099485,
            "f1": 0.7191463660157036
        },
        "batch_3": {
            "tp": 2694,
            "fp": 1695,
            "fn": 379,
            "recall": 0.8766677513830133,
            "precision": 0.6138072453861928,
            "f1": 0.7220584293755026
        },
        "batch_4": {
            "tp": 3610,
            "fp": 2217,
            "fn": 491,
            "recall": 0.8802731041209461,
            "precision": 0.619529775184486,
            "f1": 0.7272360999194198
        },
        "batch_5": {
            "tp": 4394,
            "fp": 2767,
            "fn": 587,
            "recall": 0.8821521782774543,
            "precision": 0.6136014523111297,
            "f1": 0.7237687366167023
        },
        "batch_6": {
            "tp": 5425,
            "fp": 3497,
            "fn": 727,
            "recall": 0.8818270481144344,
            "precision": 0.608047522976911,
            "f1": 0.7197824067931539
        },
        "batch_7": {
            "tp": 6308,
            "fp": 4195,
            "fn": 828,
            "recall": 0.8839686098654709,
            "precision": 0.6005903075311816,
            "f1": 0.7152332898690402
        },
        "batch_8": {
            "tp": 7291,
            "fp": 4866,
            "fn": 946,
            "recall": 0.8851523612965886,
            "precision": 0.5997367771654191,
            "f1": 0.7150142198685889
        },
        "batch_9": {
            "tp": 8470,
            "fp": 5710,
            "fn": 1143,
            "recall": 0.881098512431083,
            "precision": 0.5973201692524682,
            "f1": 0.7119741100323623
        },
        "batch_10": {
            "tp": 9484,
            "fp": 6327,
            "fn": 1293,
            "recall": 0.8800222696483251,
            "precision": 0.5998355575232434,
            "f1": 0.7134045434030389
        },
        "batch_11": {
            "tp": 10368,
            "fp": 6972,
            "fn": 1401,
            "recall": 0.8809584501656895,
            "precision": 0.5979238754325259,
            "f1": 0.7123570029887664
        },
        "batch_12": {
            "tp": 11428,
            "fp": 7660,
            "fn": 1554,
            "recall": 0.8802957941765521,
            "precision": 0.5987007544006706,
            "f1": 0.7126909884627377
        },
        "batch_13": {
            "tp": 12521,
            "fp": 8540,
            "fn": 1737,
            "recall": 0.8781736568943751,
            "precision": 0.5945111818052324,
            "f1": 0.7090234717857243
        },
        "batch_14": {
            "tp": 13627,
            "fp": 9189,
            "fn": 1870,
            "recall": 0.879331483512938,
            "precision": 0.5972563113604488,
            "f1": 0.7113512384830214
        },
        "batch_15": {
            "tp": 14652,
            "fp": 9678,
            "fn": 1973,
            "recall": 0.8813233082706767,
            "precision": 0.6022194821208384,
            "f1": 0.7155170308875595
        },
        "batch_16": {
            "tp": 15498,
            "fp": 10300,
            "fn": 2091,
            "recall": 0.8811188811188811,
            "precision": 0.6007442437398248,
            "f1": 0.7144075414294604
        },
        "batch_17": {
            "tp": 16598,
            "fp": 10881,
            "fn": 2243,
            "recall": 0.8809511172443076,
            "precision": 0.6040248917355071,
            "f1": 0.7166666666666667
        },
        "batch_18": {
            "tp": 17507,
            "fp": 11466,
            "fn": 2352,
            "recall": 0.8815650334860768,
            "precision": 0.6042522348393332,
            "f1": 0.7170298165137615
        },
        "batch_19": {
            "tp": 18512,
            "fp": 12081,
            "fn": 2465,
            "recall": 0.8824903465700529,
            "precision": 0.6051057431438565,
            "f1": 0.7179367849524918
        },
        "batch_20": {
            "tp": 19494,
            "fp": 12736,
            "fn": 2607,
            "recall": 0.8820415365820551,
            "precision": 0.6048402109835557,
            "f1": 0.7176013693839614
        },
        "batch_21": {
            "tp": 20459,
            "fp": 13330,
            "fn": 2700,
            "recall": 0.8834146552096377,
            "precision": 0.6054929118944035,
            "f1": 0.7185151366158601
        },
        "batch_22": {
            "tp": 21364,
            "fp": 13942,
            "fn": 2829,
            "recall": 0.8830653494812549,
            "precision": 0.605109613096924,
            "f1": 0.718129716465823
        },
        "batch_23": {
            "tp": 22322,
            "fp": 14500,
            "fn": 3010,
            "recall": 0.881177956734565,
            "precision": 0.6062136766063766,
            "f1": 0.7182804002960388
        },
        "batch_24": {
            "tp": 23483,
            "fp": 15051,
            "fn": 3132,
            "recall": 0.882321998872816,
            "precision": 0.609409871801526,
            "f1": 0.7209013185160171
        },
        "batch_25": {
            "tp": 24474,
            "fp": 15625,
            "fn": 3240,
            "recall": 0.8830915782636934,
            "precision": 0.6103394099603482,
            "f1": 0.7218085027944494
        },
        "batch_26": {
            "tp": 25604,
            "fp": 16415,
            "fn": 3362,
            "recall": 0.8839328868328385,
            "precision": 0.6093433922749233,
            "f1": 0.7213918433471861
        },
        "batch_27": {
            "tp": 26528,
            "fp": 16945,
            "fn": 3456,
            "recall": 0.8847385272145144,
            "precision": 0.6102178363581994,
            "f1": 0.7222728943463523
        },
        "batch_28": {
            "tp": 27488,
            "fp": 17462,
            "fn": 3580,
            "recall": 0.8847688940388825,
            "precision": 0.611523915461624,
            "f1": 0.7231971375200609
        },
        "batch_29": {
            "tp": 28458,
            "fp": 17976,
            "fn": 3744,
            "recall": 0.883733929569592,
            "precision": 0.6128698798294353,
            "f1": 0.723790630245689
        },
        "batch_30": {
            "tp": 29288,
            "fp": 18565,
            "fn": 3853,
            "recall": 0.8837391750399807,
            "precision": 0.6120410423588908,
            "f1": 0.7232140652394003
        },
        "batch_31": {
            "tp": 30206,
            "fp": 19228,
            "fn": 4002,
            "recall": 0.883009822263798,
            "precision": 0.6110369381397419,
            "f1": 0.7222687166734416
        },
        "batch_32": {
            "tp": 31276,
            "fp": 19830,
            "fn": 4150,
            "recall": 0.8828544007226331,
            "precision": 0.6119829374241772,
            "f1": 0.7228770859335275
        },
        "batch_33": {
            "tp": 32298,
            "fp": 20570,
            "fn": 4273,
            "recall": 0.8831587870170353,
            "precision": 0.6109177574336082,
            "f1": 0.7222352664944823
        },
        "batch_34": {
            "tp": 33484,
            "fp": 21152,
            "fn": 4377,
            "recall": 0.8843929109109638,
            "precision": 0.6128559923859727,
            "f1": 0.7240018595197683
        },
        "batch_35": {
            "tp": 34475,
            "fp": 21804,
            "fn": 4534,
            "recall": 0.8837704119562152,
            "precision": 0.6125730734376943,