{
    "batches": {
        "batch_1": {
            "tp": 318,
            "fp": 47,
            "fn": 45,
            "recall": 0.8760330578512396,
            "precision": 0.8712328767123287,
            "f1": 0.8736263736263736
        },
        "batch_2": {
            "tp": 649,
            "fp": 91,
            "fn": 105,
            "recall": 0.8607427055702918,
            "precision": 0.8770270270270271,
            "f1": 0.8688085676037482
        },
        "batch_3": {
            "tp": 748,
            "fp": 149,
            "fn": 199,
            "recall": 0.7898627243928195,
            "precision": 0.8338907469342252,
            "f1": 0.8112798264642082
        },
        "batch_4": {
            "tp": 900,
            "fp": 185,
            "fn": 295,
            "recall": 0.7531380753138075,
            "precision": 0.8294930875576036,
            "f1": 0.7894736842105263
        },
        "batch_5": {
            "tp": 1192,
            "fp": 289,
            "fn": 326,
            "recall": 0.7852437417654808,
            "precision": 0.8048615800135044,
            "f1": 0.7949316438812939
        },
        "batch_6": {
            "tp": 1404,
            "fp": 349,
            "fn": 364,
            "recall": 0.7941176470588235,
            "precision": 0.8009127210496292,
            "f1": 0.797500710025561
        },
        "batch_7": {
            "tp": 1629,
            "fp": 435,
            "fn": 383,
            "recall": 0.8096421471172962,
            "precision": 0.7892441860465116,
            "f1": 0.7993130520117762
        },
        "batch_8": {
            "tp": 1883,
            "fp": 506,
            "fn": 416,
            "recall": 0.8190517616354936,
            "precision": 0.7881958978652156,
            "f1": 0.8033276450511945
        },
        "batch_9": {
            "tp": 1982,
            "fp": 535,
            "fn": 462,
            "recall": 0.8109656301145662,
            "precision": 0.787445371473977,
            "f1": 0.7990324531344487
        },
        "batch_10": {
            "tp": 2220,
            "fp": 597,
            "fn": 493,
            "recall": 0.8182823442683377,
            "precision": 0.7880724174653887,
            "f1": 0.8028933092224231
        },
        "batch_11": {
            "tp": 2371,
            "fp": 687,
            "fn": 521,
            "recall": 0.8198478561549101,
            "precision": 0.775343361674297,
            "f1": 0.7969747899159665
        },
        "batch_12": {
            "tp": 2620,
            "fp": 754,
            "fn": 548,
            "recall": 0.827020202020202,
            "precision": 0.7765263781861292,
            "f1": 0.8009782940996638
        },
        "batch_13": {
            "tp": 2936,
            "fp": 780,
            "fn": 569,
            "recall": 0.837660485021398,
            "precision": 0.790096878363832,
            "f1": 0.8131837695610026
        },
        "batch_14": {
            "tp": 3228,
            "fp": 820,
            "fn": 595,
            "recall": 0.8443630656552445,
            "precision": 0.7974308300395256,
            "f1": 0.8202261466141533
        },
        "batch_15": {
            "tp": 3307,
            "fp": 835,
            "fn": 724,
            "recall": 0.8203919622922352,
            "precision": 0.7984065668759054,
            "f1": 0.8092499694114768
        },
        "batch_16": {
            "tp": 3531,
            "fp": 895,
            "fn": 827,
            "recall": 0.8102340523175768,
            "precision": 0.7977858111161319,
            "f1": 0.8039617486338798
        },
        "batch_17": {
            "tp": 3630,
            "fp": 961,
            "fn": 930,
            "recall": 0.7960526315789473,
            "precision": 0.7906774123284688,
            "f1": 0.7933559173860781
        },
        "batch_18": {
            "tp": 3676,
            "fp": 975,
            "fn": 955,
            "recall": 0.7937810408119197,
            "precision": 0.7903676628682004,
            "f1": 0.7920706744236157
        }
    },
    "batch_cnt": 18,
    "completed": true
}