{
    "batches": {
        "batch_1": {
            "tp": 173,
            "fp": 206,
            "fn": 180,
            "recall": 0.49008498583569404,
            "precision": 0.45646437994722955,
            "f1": 0.47267759562841527
        },
        "batch_2": {
            "tp": 258,
            "fp": 276,
            "fn": 228,
            "recall": 0.5308641975308642,
            "precision": 0.48314606741573035,
            "f1": 0.5058823529411766
        },
        "batch_3": {
            "tp": 403,
            "fp": 397,
            "fn": 326,
            "recall": 0.5528120713305898,
            "precision": 0.50375,
            "f1": 0.5271419228253761
        },
        "batch_4": {
            "tp": 504,
            "fp": 514,
            "fn": 429,
            "recall": 0.5401929260450161,
            "precision": 0.4950884086444008,
            "f1": 0.5166581240389544
        },
        "batch_5": {
            "tp": 636,
            "fp": 622,
            "fn": 558,
            "recall": 0.5326633165829145,
            "precision": 0.505564387917329,
            "f1": 0.5187601957585645
        },
        "batch_6": {
            "tp": 800,
            "fp": 781,
            "fn": 691,
            "recall": 0.5365526492287056,
            "precision": 0.5060088551549652,
            "f1": 0.5208333333333333
        },
        "batch_7": {
            "tp": 933,
            "fp": 887,
            "fn": 805,
            "recall": 0.5368239355581128,
            "precision": 0.5126373626373626,
            "f1": 0.524451939291737
        },
        "batch_8": {
            "tp": 1067,
            "fp": 1066,
            "fn": 952,
            "recall": 0.5284794452699356,
            "precision": 0.5002344116268167,
            "f1": 0.5139691714836223
        },
        "batch_9": {
            "tp": 1211,
            "fp": 1243,
            "fn": 1060,
            "recall": 0.5332452664024658,
            "precision": 0.493480032599837,
            "f1": 0.5125925925925926
        },
        "batch_10": {
            "tp": 1319,
            "fp": 1395,
            "fn": 1145,
            "recall": 0.5353084415584416,
            "precision": 0.4859985261606485,
            "f1": 0.5094631131711086
        },
        "batch_11": {
            "tp": 1399,
            "fp": 1512,
            "fn": 1258,
            "recall": 0.5265336846066992,
            "precision": 0.48059086224665065,
            "f1": 0.5025143678160919
        },
        "batch_12": {
            "tp": 1508,
            "fp": 1654,
            "fn": 1361,
            "recall": 0.5256186824677588,
            "precision": 0.4769133459835547,
            "f1": 0.5000829049908804
        },
        "batch_13": {
            "tp": 1651,
            "fp": 1844,
            "fn": 1476,
            "recall": 0.5279820914614647,
            "precision": 0.47238912732474964,
            "f1": 0.49864089398973116
        },
        "batch_14": {
            "tp": 1792,
            "fp": 2030,
            "fn": 1604,
            "recall": 0.5276796230859835,
            "precision": 0.46886446886446886,
            "f1": 0.49653643668606257
        },
        "batch_15": {
            "tp": 1941,
            "fp": 2260,
            "fn": 1757,
            "recall": 0.5248783126014062,
            "precision": 0.4620328493215901,
            "f1": 0.49145461450816563
        },
        "batch_16": {
            "tp": 2127,
            "fp": 2495,
            "fn": 1943,
            "recall": 0.5226044226044226,
            "precision": 0.46019039376893117,
            "f1": 0.4894155545329038
        },
        "batch_17": {
            "tp": 2317,
            "fp": 2727,
            "fn": 2121,
            "recall": 0.5220820189274448,
            "precision": 0.4593576526566217,
            "f1": 0.4887154608732334
        },
        "batch_18": {
            "tp": 2413,
            "fp": 2841,
            "fn": 2270,
            "recall": 0.5152679906043135,
            "precision": 0.4592691282832128,
            "f1": 0.48565965583174003
        },
        "batch_19": {
            "tp": 2493,
            "fp": 2929,
            "fn": 2402,
            "recall": 0.5092951991828396,
            "precision": 0.4597934341571376,
            "f1": 0.4832800232625763
        },
        "batch_20": {
            "tp": 2584,
            "fp": 3025,
            "fn": 2482,
            "recall": 0.5100671140939598,
            "precision": 0.4606881797111785,
            "f1": 0.4841217798594848
        },
        "batch_21": {
            "tp": 2647,
            "fp": 3101,
            "fn": 2547,
            "recall": 0.5096264921062764,
            "precision": 0.4605080027835769,
            "f1": 0.48382379820873694
        },
        "batch_22": {
            "tp": 2706,
            "fp": 3180,
            "fn": 2598,
            "recall": 0.5101809954751131,
            "precision": 0.4597349643221203,
            "f1": 0.4836461126005362
        },
        "batch_23": {
            "tp": 2742,
            "fp": 3224,
            "fn": 2640,
            "recall": 0.5094760312151616,
            "precision": 0.4596044250754274,
            "f1": 0.48325696157913284
        },
        "batch_24": {
            "tp": 2798,
            "fp": 3259,
            "fn": 2669,
            "recall": 0.5117980610938357,
            "precision": 0.4619448571900281,
            "f1": 0.48559527941686914
        },
        "batch_25": {
            "tp": 2808,
            "fp": 3267,
            "fn": 2681,
            "recall": 0.5115685917289123,
            "precision": 0.4622222222222222,
            "f1": 0.485645105499827
        },
        "batch_26": {
            "tp": 2835,
            "fp": 3284,
            "fn": 2712,
            "recall": 0.5110870740941049,
            "precision": 0.46331099852917146,
            "f1": 0.4860277730156009
        },
        "batch_27": {
            "tp": 2865,
            "fp": 3302,
            "fn": 2760,
            "recall": 0.5093333333333333,
            "precision": 0.46456948273066323,
            "f1": 0.4859226594301221
        },
        "batch_28": {
            "tp": 2915,
            "fp": 3340,
            "fn": 2806,
            "recall": 0.5095263065897571,
            "precision": 0.4660271782573941,
            "f1": 0.4868069472277889
        },
        "batch_29": {
            "tp": 2946,
            "fp": 3385,
            "fn": 2828,
            "recall": 0.5102182196051265,
            "precision": 0.46532933185910597,
            "f1": 0.48674101610904585
        },
        "batch_30": {
            "tp": 2968,
            "fp": 3444,
            "fn": 2906,
            "recall": 0.505277494041539,
            "precision": 0.462882096069869,
            "f1": 0.483151554615009
        },
        "batch_31": {
            "tp": 3021,
            "fp": 3534,
            "fn": 2982,
            "recall": 0.5032483758120939,
            "precision": 0.4608695652173913,
            "f1": 0.4811275680840898
        },
        "batch_32": {
            "tp": 3072,
            "fp": 3589,
            "fn": 3049,
            "recall": 0.5018787779774546,
            "precision": 0.46119201321122955,
            "f1": 0.4806759505554686
        },
        "batch_33": {
            "tp": 3107,
            "fp": 3666,
            "fn": 3125,
            "recall": 0.4985558408215661,
            "precision": 0.45873320537428025,
            "f1": 0.47781622452902733
        },
        "batch_34": {
            "tp": 3149,
            "fp": 3713,
            "fn": 3162,
            "recall": 0.49897005228965297,
            "precision": 0.4589041095890411,
            "f1": 0.47809914218477184
        },
        "batch_35": {
            "tp": 3199,
            "fp": 3752,
            "fn": 3226,
            "recall": 0.4978988326848249,
            "precision": 0.4602215508559919,