{
    "batches": {
        "batch_1": {
            "tp": 152,
            "fp": 126,
            "fn": 114,
            "recall": 0.5714285714285714,
            "precision": 0.5467625899280576,
            "f1": 0.5588235294117648
        },
        "batch_2": {
            "tp": 324,
            "fp": 291,
            "fn": 261,
            "recall": 0.5538461538461539,
            "precision": 0.526829268292683,
            "f1": 0.54
        },
        "batch_3": {
            "tp": 476,
            "fp": 407,
            "fn": 391,
            "recall": 0.5490196078431373,
            "precision": 0.5390713476783692,
            "f1": 0.544
        },
        "batch_4": {
            "tp": 640,
            "fp": 566,
            "fn": 548,
            "recall": 0.5387205387205387,
            "precision": 0.5306799336650083,
            "f1": 0.534670008354219
        },
        "batch_5": {
            "tp": 718,
            "fp": 680,
            "fn": 687,
            "recall": 0.5110320284697509,
            "precision": 0.5135908440629471,
            "f1": 0.5123082411701748
        },
        "batch_6": {
            "tp": 746,
            "fp": 745,
            "fn": 767,
            "recall": 0.4930601454064772,
            "precision": 0.500335345405768,
            "f1": 0.49667110519307595
        },
        "batch_7": {
            "tp": 897,
            "fp": 875,
            "fn": 899,
            "recall": 0.4994432071269488,
            "precision": 0.5062076749435666,
            "f1": 0.5028026905829596
        },
        "batch_8": {
            "tp": 1048,
            "fp": 1013,
            "fn": 1043,
            "recall": 0.501195600191296,
            "precision": 0.5084910237748665,
            "f1": 0.5048169556840078
        },
        "batch_9": {
            "tp": 1198,
            "fp": 1227,
            "fn": 1202,
            "recall": 0.49916666666666665,
            "precision": 0.49402061855670104,
            "f1": 0.49658031088082905
        },
        "batch_10": {
            "tp": 1335,
            "fp": 1451,
            "fn": 1337,
            "recall": 0.499625748502994,
            "precision": 0.4791816223977028,
            "f1": 0.4891901795529498
        },
        "batch_11": {
            "tp": 1470,
            "fp": 1538,
            "fn": 1447,
            "recall": 0.5039424065821049,
            "precision": 0.4886968085106383,
            "f1": 0.4962025316455696
        },
        "batch_12": {
            "tp": 1534,
            "fp": 1592,
            "fn": 1503,
            "recall": 0.5051037207770827,
            "precision": 0.490722968650032,
            "f1": 0.49780950835632004
        },
        "batch_13": {
            "tp": 1628,
            "fp": 1723,
            "fn": 1572,
            "recall": 0.50875,
            "precision": 0.4858251268278126,
            "f1": 0.4970233552129446
        },
        "batch_14": {
            "tp": 1722,
            "fp": 1797,
            "fn": 1642,
            "recall": 0.5118906064209274,
            "precision": 0.48934356351236147,
            "f1": 0.5003632137149499
        },
        "batch_15": {
            "tp": 1865,
            "fp": 1992,
            "fn": 1811,
            "recall": 0.5073449401523396,
            "precision": 0.4835364272750843,
            "f1": 0.4951546528607461
        },
        "batch_16": {
            "tp": 1978,
            "fp": 2159,
            "fn": 1931,
            "recall": 0.5060117677155282,
            "precision": 0.47812424462170655,
            "f1": 0.4916728809346259
        },
        "batch_17": {
            "tp": 2003,
            "fp": 2231,
            "fn": 1955,
            "recall": 0.5060636685194543,
            "precision": 0.4730751062824752,
            "f1": 0.489013671875
        },
        "batch_18": {
            "tp": 2102,
            "fp": 2287,
            "fn": 2046,
            "recall": 0.5067502410800385,
            "precision": 0.4789245841877421,
            "f1": 0.49244465268829796
        },
        "batch_19": {
            "tp": 2189,
            "fp": 2355,
            "fn": 2157,
            "recall": 0.5036815462494247,
            "precision": 0.48173415492957744,
            "f1": 0.4924634420697413
        },
        "batch_20": {
            "tp": 2293,
            "fp": 2447,
            "fn": 2252,
            "recall": 0.5045104510451045,
            "precision": 0.48375527426160336,
            "f1": 0.49391491653204095
        },
        "batch_21": {
            "tp": 2335,
            "fp": 2506,
            "fn": 2326,
            "recall": 0.5009654580562111,
            "precision": 0.48233835984300766,
            "f1": 0.4914754788465586
        },
        "batch_22": {
            "tp": 2341,
            "fp": 2519,
            "fn": 2330,
            "recall": 0.5011774780560908,
            "precision": 0.4816872427983539,
            "f1": 0.4912391144685762
        },
        "batch_23": {
            "tp": 2397,
            "fp": 2612,
            "fn": 2441,
            "recall": 0.4954526663910707,
            "precision": 0.4785386304651627,
            "f1": 0.48684878643241597
        },
        "batch_24": {
            "tp": 2453,
            "fp": 2679,
            "fn": 2535,
            "recall": 0.49178027265437047,
            "precision": 0.4779812938425565,
            "f1": 0.48478260869565215
        },
        "batch_25": {
            "tp": 2480,
            "fp": 2716,
            "fn": 2601,
            "recall": 0.48809289509938986,
            "precision": 0.47729022324865283,
            "f1": 0.4826311180305537
        },
        "batch_26": {
            "tp": 2548,
            "fp": 2772,
            "fn": 2689,
            "recall": 0.48653809432881423,
            "precision": 0.4789473684210526,
            "f1": 0.48271289192005307
        },
        "batch_27": {
            "tp": 2609,
            "fp": 2832,
            "fn": 2796,
            "recall": 0.4827012025901943,
            "precision": 0.4795074434846536,
            "f1": 0.4810990226811728
        },
        "batch_28": {
            "tp": 2641,
            "fp": 2865,
            "fn": 2848,
            "recall": 0.4811441063946074,
            "precision": 0.4796585543043952,
            "f1": 0.4804001819008641
        },
        "batch_29": {
            "tp": 2679,
            "fp": 2910,
            "fn": 2890,
            "recall": 0.48105584485544983,
            "precision": 0.4793344068706388,
            "f1": 0.4801935830794049
        },
        "batch_30": {
            "tp": 2709,
            "fp": 2958,
            "fn": 2922,
            "recall": 0.48108684070324986,
            "precision": 0.47803070407623083,
            "f1": 0.4795539033457249
        },
        "batch_31": {
            "tp": 2744,
            "fp": 2983,
            "fn": 2955,
            "recall": 0.4814879803474294,
            "precision": 0.47913392701239743,
            "f1": 0.48030806931559605
        },
        "batch_32": {
            "tp": 2850,
            "fp": 3112,
            "fn": 3062,
            "recall": 0.4820703653585927,
            "precision": 0.47802750754780277,
            "f1": 0.4800404244567964
        },
        "batch_33": {
            "tp": 2941,
            "fp": 3219,
            "fn": 3159,
            "recall": 0.48213114754098363,
            "precision": 0.47743506493506493,
            "f1": 0.4797716150081566
        },
        "batch_34": {
            "tp": 3016,
            "fp": 3366,
            "fn": 3319,
            "recall": 0.4760852407261247,
            "precision": 0.4725791287997493,
            "f1": 0.47432570574821104
        },
        "batch_35": {
            "tp": 3048,
            "fp": 3424,
            "fn": 3376,
            "recall": 0.47447073474470736,
            "precision": 0.47095179233621753,
            "f1": 0.47270471464019853
        },