{
    "batches": {
        "batch_1": {
            "tp": 783,
            "fp": 292,
            "fn": 330,
            "recall": 0.7035040431266847,
            "precision": 0.7283720930232558,
            "f1": 0.7157221206581353
        },
        "batch_2": {
            "tp": 1447,
            "fp": 544,
            "fn": 658,
            "recall": 0.6874109263657957,
            "precision": 0.7267704671019588,
            "f1": 0.70654296875
        },
        "batch_3": {
            "tp": 2214,
            "fp": 817,
            "fn": 919,
            "recall": 0.7066709224385573,
            "precision": 0.7304519960409106,
            "f1": 0.718364698247891
        },
        "batch_4": {
            "tp": 2988,
            "fp": 1094,
            "fn": 1202,
            "recall": 0.713126491646778,
            "precision": 0.7319941205291524,
            "f1": 0.7224371373307543
        },
        "batch_5": {
            "tp": 3630,
            "fp": 1288,
            "fn": 1457,
            "recall": 0.7135836445842343,
            "precision": 0.7381049206994713,
            "f1": 0.7256371814092953
        },
        "batch_6": {
            "tp": 4494,
            "fp": 1672,
            "fn": 1788,
            "recall": 0.7153772683858644,
            "precision": 0.7288355497891664,
            "f1": 0.7220437017994858
        },
        "batch_7": {
            "tp": 5246,
            "fp": 2005,
            "fn": 2051,
            "recall": 0.7189255858572016,
            "precision": 0.7234864156668046,
            "f1": 0.7211987902117128
        },
        "batch_8": {
            "tp": 6035,
            "fp": 2295,
            "fn": 2376,
            "recall": 0.7175127808821781,
            "precision": 0.7244897959183674,
            "f1": 0.7209844095334806
        },
        "batch_9": {
            "tp": 6948,
            "fp": 2760,
            "fn": 2868,
            "recall": 0.7078239608801956,
            "precision": 0.715698393077874,
            "f1": 0.711739397664413
        },
        "batch_10": {
            "tp": 7697,
            "fp": 3041,
            "fn": 3328,
            "recall": 0.698140589569161,
            "precision": 0.7168001490035388,
            "f1": 0.7073473326287735
        },
        "batch_11": {
            "tp": 8387,
            "fp": 3348,
            "fn": 3706,
            "recall": 0.6935417183494583,
            "precision": 0.7146996165317426,
            "f1": 0.7039617257008562
        },
        "batch_12": {
            "tp": 9257,
            "fp": 3686,
            "fn": 4097,
            "recall": 0.6932005391642954,
            "precision": 0.7152128563702388,
            "f1": 0.7040346807620641
        },
        "batch_13": {
            "tp": 10140,
            "fp": 3955,
            "fn": 4519,
            "recall": 0.6917252200013644,
            "precision": 0.7194040439872296,
            "f1": 0.7052931766015164
        },
        "batch_14": {
            "tp": 11054,
            "fp": 4348,
            "fn": 4879,
            "recall": 0.6937802046067909,
            "precision": 0.7176990001298532,
            "f1": 0.7055369395244934
        },
        "batch_15": {
            "tp": 11933,
            "fp": 4567,
            "fn": 5166,
            "recall": 0.6978770688344348,
            "precision": 0.7232121212121212,
            "f1": 0.7103187594868894
        },
        "batch_16": {
            "tp": 12591,
            "fp": 4886,
            "fn": 5473,
            "recall": 0.6970217006200177,
            "precision": 0.7204325685186245,
            "f1": 0.7085338060268421
        },
        "batch_17": {
            "tp": 13470,
            "fp": 5168,
            "fn": 5884,
            "recall": 0.6959801591402294,
            "precision": 0.7227170297242194,
            "f1": 0.7090966519267213
        },
        "batch_18": {
            "tp": 14192,
            "fp": 5438,
            "fn": 6216,
            "recall": 0.6954135633085065,
            "precision": 0.7229750382068263,
            "f1": 0.708926519806184
        },
        "batch_19": {
            "tp": 15016,
            "fp": 5706,
            "fn": 6575,
            "recall": 0.695474966421194,
            "precision": 0.7246404787182704,
            "f1": 0.709758230331104
        },
        "batch_20": {
            "tp": 15816,
            "fp": 5968,
            "fn": 6943,
            "recall": 0.6949338723142493,
            "precision": 0.7260374586852736,
            "f1": 0.7101452529016905
        },
        "batch_21": {
            "tp": 16620,
            "fp": 6268,
            "fn": 7217,
            "recall": 0.6972353903595251,
            "precision": 0.7261447046487243,
            "f1": 0.7113964686998395
        },
        "batch_22": {
            "tp": 17351,
            "fp": 6489,
            "fn": 7553,
            "recall": 0.6967153870864118,
            "precision": 0.7278104026845638,
            "f1": 0.7119235187920564
        },
        "batch_23": {
            "tp": 18108,
            "fp": 6834,
            "fn": 7968,
            "recall": 0.694431661297745,
            "precision": 0.7260043300457061,
            "f1": 0.7098671057273903
        },
        "batch_24": {
            "tp": 19042,
            "fp": 7126,
            "fn": 8301,
            "recall": 0.6964122444501335,
            "precision": 0.7276826658514216,
            "f1": 0.7117041355982882
        },
        "batch_25": {
            "tp": 19820,
            "fp": 7435,
            "fn": 8663,
            "recall": 0.6958536670996734,
            "precision": 0.7272060172445423,
            "f1": 0.7111844701998635
        },
        "batch_26": {
            "tp": 20687,
            "fp": 7848,
            "fn": 9047,
            "recall": 0.6957355216250757,
            "precision": 0.7249693359032767,
            "f1": 0.7100516569702586
        },
        "batch_27": {
            "tp": 21438,
            "fp": 8087,
            "fn": 9326,
            "recall": 0.6968534650890651,
            "precision": 0.7260965283657917,
            "f1": 0.7111745094461676
        },
        "batch_28": {
            "tp": 22204,
            "fp": 8412,
            "fn": 9629,
            "recall": 0.6975151572267773,
            "precision": 0.725241703684348,
            "f1": 0.7111082643437046
        },
        "batch_29": {
            "tp": 22970,
            "fp": 8745,
            "fn": 10005,
            "recall": 0.6965883244882487,
            "precision": 0.7242629670502917,
            "f1": 0.7101561292317206
        },
        "batch_30": {
            "tp": 23645,
            "fp": 9034,
            "fn": 10296,
            "recall": 0.696650069237795,
            "precision": 0.7235533523057621,
            "f1": 0.7098468928249775
        },
        "batch_31": {
            "tp": 24323,
            "fp": 9345,
            "fn": 10719,
            "recall": 0.6941099252325781,
            "precision": 0.7224367351788048,
            "f1": 0.7079901033328482
        },
        "batch_32": {
            "tp": 25214,
            "fp": 9691,
            "fn": 11043,
            "recall": 0.6954243318531594,
            "precision": 0.722360693310414,
            "f1": 0.7086366319102892
        },
        "batch_33": {
            "tp": 26018,
            "fp": 10050,
            "fn": 11394,
            "recall": 0.6954453116647065,
            "precision": 0.7213596539869136,
            "f1": 0.7081654872074035
        },
        "batch_34": {
            "tp": 27001,
            "fp": 10330,
            "fn": 11703,
            "recall": 0.6976281521289789,
            "precision": 0.7232862768208728,
            "f1": 0.7102255540211745
        },
        "batch_35": {
            "tp": 27828,
            "fp": 10678,
            "fn": 12039,
            "recall": 0.6980209195575288,
            "precision": 0.7226925673920948,