{
    "batches": {
        "batch_1": {
            "tp": 294,
            "fp": 95,
            "fn": 50,
            "recall": 0.8546511627906976,
            "precision": 0.7557840616966581,
            "f1": 0.8021828103683494
        },
        "batch_2": {
            "tp": 620,
            "fp": 242,
            "fn": 93,
            "recall": 0.8695652173913043,
            "precision": 0.7192575406032483,
            "f1": 0.7873015873015873
        },
        "batch_3": {
            "tp": 702,
            "fp": 449,
            "fn": 163,
            "recall": 0.8115606936416185,
            "precision": 0.6099044309296264,
            "f1": 0.6964285714285715
        },
        "batch_4": {
            "tp": 872,
            "fp": 562,
            "fn": 210,
            "recall": 0.8059149722735675,
            "precision": 0.6080892608089261,
            "f1": 0.6931637519872814
        },
        "batch_5": {
            "tp": 1108,
            "fp": 764,
            "fn": 282,
            "recall": 0.7971223021582734,
            "precision": 0.5918803418803419,
            "f1": 0.6793378295524218
        },
        "batch_6": {
            "tp": 1299,
            "fp": 879,
            "fn": 333,
            "recall": 0.7959558823529411,
            "precision": 0.5964187327823691,
            "f1": 0.6818897637795275
        },
        "batch_7": {
            "tp": 1499,
            "fp": 1054,
            "fn": 375,
            "recall": 0.7998932764140875,
            "precision": 0.5871523697610654,
            "f1": 0.6772080415631352
        },
        "batch_8": {
            "tp": 1728,
            "fp": 1192,
            "fn": 430,
            "recall": 0.8007414272474513,
            "precision": 0.5917808219178082,
            "f1": 0.6805829066561638
        },
        "batch_9": {
            "tp": 1823,
            "fp": 1289,
            "fn": 478,
            "recall": 0.792264232942199,
            "precision": 0.5857969151670951,
            "f1": 0.6735636430814705
        },
        "batch_10": {
            "tp": 2031,
            "fp": 1495,
            "fn": 537,
            "recall": 0.7908878504672897,
            "precision": 0.5760068065796937,
            "f1": 0.6665572694453561
        },
        "batch_11": {
            "tp": 2170,
            "fp": 1642,
            "fn": 579,
            "recall": 0.7893779556202255,
            "precision": 0.5692549842602308,
            "f1": 0.661484529797287
        },
        "batch_12": {
            "tp": 2388,
            "fp": 1777,
            "fn": 635,
            "recall": 0.7899437644723785,
            "precision": 0.5733493397358943,
            "f1": 0.664440734557596
        },
        "batch_13": {
            "tp": 2702,
            "fp": 1815,
            "fn": 656,
            "recall": 0.8046456223942823,
            "precision": 0.5981846358202346,
            "f1": 0.6862222222222222
        },
        "batch_14": {
            "tp": 2993,
            "fp": 1875,
            "fn": 686,
            "recall": 0.8135362870345203,
            "precision": 0.6148315529991784,
            "f1": 0.7003627003627003
        },
        "batch_15": {
            "tp": 3081,
            "fp": 1977,
            "fn": 752,
            "recall": 0.8038090268719019,
            "precision": 0.6091340450771056,
            "f1": 0.6930603981554381
        },
        "batch_16": {
            "tp": 3268,
            "fp": 2129,
            "fn": 819,
            "recall": 0.799608514803034,
            "precision": 0.6055215860663331,
            "f1": 0.6891606916912695
        },
        "batch_17": {
            "tp": 3368,
            "fp": 2319,
            "fn": 879,
            "recall": 0.7930303743819166,
            "precision": 0.5922278881659926,
            "f1": 0.6780752969599356
        },
        "batch_18": {
            "tp": 3412,
            "fp": 2348,
            "fn": 895,
            "recall": 0.7921987462270722,
            "precision": 0.5923611111111111,
            "f1": 0.6778583490612893
        }
    },
    "batch_cnt": 18,
    "completed": true
}