{
    "batches": {
        "batch_1": {
            "tp": 234,
            "fp": 46,
            "fn": 117,
            "recall": 0.6666666666666666,
            "precision": 0.8357142857142857,
            "f1": 0.7416798732171157
        },
        "batch_2": {
            "tp": 431,
            "fp": 138,
            "fn": 303,
            "recall": 0.5871934604904632,
            "precision": 0.7574692442882249,
            "f1": 0.6615502686108979
        },
        "batch_3": {
            "tp": 476,
            "fp": 208,
            "fn": 450,
            "recall": 0.5140388768898488,
            "precision": 0.695906432748538,
            "f1": 0.5913043478260871
        },
        "batch_4": {
            "tp": 586,
            "fp": 312,
            "fn": 556,
            "recall": 0.5131348511383538,
            "precision": 0.6525612472160356,
            "f1": 0.5745098039215687
        },
        "batch_5": {
            "tp": 746,
            "fp": 413,
            "fn": 722,
            "recall": 0.5081743869209809,
            "precision": 0.6436583261432269,
            "f1": 0.5679482299200609
        },
        "batch_6": {
            "tp": 855,
            "fp": 545,
            "fn": 864,
            "recall": 0.4973821989528796,
            "precision": 0.6107142857142858,
            "f1": 0.548252645078551
        },
        "batch_7": {
            "tp": 991,
            "fp": 623,
            "fn": 974,
            "recall": 0.5043256997455471,
            "precision": 0.614002478314746,
            "f1": 0.5537859737356803
        },
        "batch_8": {
            "tp": 1118,
            "fp": 721,
            "fn": 1120,
            "recall": 0.49955317247542447,
            "precision": 0.6079390973355084,
            "f1": 0.5484424822173166
        },
        "batch_9": {
            "tp": 1180,
            "fp": 780,
            "fn": 1203,
            "recall": 0.4951741502308015,
            "precision": 0.6020408163265306,
            "f1": 0.543403177527055
        },
        "batch_10": {
            "tp": 1292,
            "fp": 872,
            "fn": 1354,
            "recall": 0.48828420256991684,
            "precision": 0.5970425138632163,
            "f1": 0.5372141372141372
        },
        "batch_11": {
            "tp": 1385,
            "fp": 1009,
            "fn": 1438,
            "recall": 0.4906128232376904,
            "precision": 0.5785296574770259,
            "f1": 0.530956488403297
        },
        "batch_12": {
            "tp": 1536,
            "fp": 1120,
            "fn": 1563,
            "recall": 0.49564375605033884,
            "precision": 0.5783132530120482,
            "f1": 0.5337966985230235
        },
        "batch_13": {
            "tp": 1834,
            "fp": 1147,
            "fn": 1599,
            "recall": 0.5342266239440723,
            "precision": 0.615229788661523,
            "f1": 0.5718740255690677
        },
        "batch_14": {
            "tp": 2101,
            "fp": 1199,
            "fn": 1648,
            "recall": 0.5604161109629234,
            "precision": 0.6366666666666667,
            "f1": 0.5961129238189814
        },
        "batch_15": {
            "tp": 2132,
            "fp": 1244,
            "fn": 1790,
            "recall": 0.5436002039775625,
            "precision": 0.6315165876777251,
            "f1": 0.5842696629213484
        },
        "batch_16": {
            "tp": 2240,
            "fp": 1283,
            "fn": 2016,
            "recall": 0.5263157894736842,
            "precision": 0.6358217428328129,
            "f1": 0.5759094999357244
        },
        "batch_17": {
            "tp": 2284,
            "fp": 1380,
            "fn": 2166,
            "recall": 0.5132584269662921,
            "precision": 0.6233624454148472,
            "f1": 0.5629775696327336
        },
        "batch_18": {
            "tp": 2308,
            "fp": 1402,
            "fn": 2206,
            "recall": 0.511298183429331,
            "precision": 0.6221024258760108,
            "f1": 0.561284046692607
        }
    },
    "batch_cnt": 18,
    "completed": true
}