{
    "batches": {
        "batch_1": {
            "tp": 731,
            "fp": 162,
            "fn": 431,
            "recall": 0.6290877796901894,
            "precision": 0.8185890257558791,
            "f1": 0.7114355231143552
        },
        "batch_2": {
            "tp": 1352,
            "fp": 275,
            "fn": 843,
            "recall": 0.6159453302961275,
            "precision": 0.8309772587584512,
            "f1": 0.7074829931972789
        },
        "batch_3": {
            "tp": 2008,
            "fp": 403,
            "fn": 1294,
            "recall": 0.6081162931556632,
            "precision": 0.8328494400663625,
            "f1": 0.7029581655872571
        },
        "batch_4": {
            "tp": 2708,
            "fp": 547,
            "fn": 1699,
            "recall": 0.6144769684592694,
            "precision": 0.8319508448540707,
            "f1": 0.7068650482902635
        },
        "batch_5": {
            "tp": 3288,
            "fp": 669,
            "fn": 2059,
            "recall": 0.6149242565924817,
            "precision": 0.8309325246398787,
            "f1": 0.7067927773000859
        },
        "batch_6": {
            "tp": 4059,
            "fp": 891,
            "fn": 2560,
            "recall": 0.6132346275872488,
            "precision": 0.82,
            "f1": 0.701702826519146
        },
        "batch_7": {
            "tp": 4661,
            "fp": 1068,
            "fn": 3066,
            "recall": 0.6032095250420603,
            "precision": 0.8135800314190959,
            "f1": 0.6927764565992865
        },
        "batch_8": {
            "tp": 5362,
            "fp": 1225,
            "fn": 3542,
            "recall": 0.6022012578616353,
            "precision": 0.8140276301806588,
            "f1": 0.6922729326705829
        },
        "batch_9": {
            "tp": 6049,
            "fp": 1452,
            "fn": 4392,
            "recall": 0.5793506369121731,
            "precision": 0.8064258098920144,
            "f1": 0.6742838033664029
        },
        "batch_10": {
            "tp": 6847,
            "fp": 1618,
            "fn": 4832,
            "recall": 0.5862659474270058,
            "precision": 0.8088600118133491,
            "f1": 0.6798054011119936
        },
        "batch_11": {
            "tp": 7500,
            "fp": 1779,
            "fn": 5299,
            "recall": 0.5859832799437455,
            "precision": 0.8082767539605561,
            "f1": 0.67940936679047
        },
        "batch_12": {
            "tp": 8216,
            "fp": 1935,
            "fn": 5931,
            "recall": 0.5807591715558069,
            "precision": 0.8093783863658753,
            "f1": 0.6762696518231953
        },
        "batch_13": {
            "tp": 9037,
            "fp": 2108,
            "fn": 6455,
            "recall": 0.5833333333333334,
            "precision": 0.8108568864961866,
            "f1": 0.6785298644742276
        },
        "batch_14": {
            "tp": 9852,
            "fp": 2275,
            "fn": 7014,
            "recall": 0.5841337602276769,
            "precision": 0.8124020780077513,
            "f1": 0.6796123202152243
        },
        "batch_15": {
            "tp": 10636,
            "fp": 2386,
            "fn": 7437,
            "recall": 0.5885021855807004,
            "precision": 0.8167716172630932,
            "f1": 0.6840971217237498
        },
        "batch_16": {
            "tp": 11300,
            "fp": 2549,
            "fn": 7811,
            "recall": 0.5912825074564387,
            "precision": 0.8159433894143981,
            "f1": 0.6856796116504855
        },
        "batch_17": {
            "tp": 12115,
            "fp": 2697,
            "fn": 8347,
            "recall": 0.5920731111328316,
            "precision": 0.8179179044018363,
            "f1": 0.6869082043431421
        },
        "batch_18": {
            "tp": 12818,
            "fp": 2839,
            "fn": 8731,
            "recall": 0.5948303865608613,
            "precision": 0.8186753528773073,
            "f1": 0.6890286512928022
        },
        "batch_19": {
            "tp": 13611,
            "fp": 3002,
            "fn": 9149,
            "recall": 0.5980228471001757,
            "precision": 0.8192981400108349,
            "f1": 0.6913874990475707
        },
        "batch_20": {
            "tp": 14402,
            "fp": 3150,
            "fn": 9573,
            "recall": 0.6007090719499478,
            "precision": 0.8205332725615314,
            "f1": 0.6936210176511667
        },
        "batch_21": {
            "tp": 15131,
            "fp": 3300,
            "fn": 9987,
            "recall": 0.6023966876343658,
            "precision": 0.8209538277901361,
            "f1": 0.6948954051757791
        },
        "batch_22": {
            "tp": 15779,
            "fp": 3430,
            "fn": 10463,
            "recall": 0.6012880115844829,
            "precision": 0.8214378676661981,
            "f1": 0.6943301577523047
        },
        "batch_23": {
            "tp": 16481,
            "fp": 3599,
            "fn": 10977,
            "recall": 0.6002257994027241,
            "precision": 0.8207669322709163,
            "f1": 0.6933821363961463
        },
        "batch_24": {
            "tp": 17299,
            "fp": 3731,
            "fn": 11532,
            "recall": 0.6000138739551177,
            "precision": 0.8225867807893485,
            "f1": 0.6938890114518361
        },
        "batch_25": {
            "tp": 18048,
            "fp": 3925,
            "fn": 11976,
            "recall": 0.601119104716227,
            "precision": 0.8213716834296637,
            "f1": 0.6941938958016809
        },
        "batch_26": {
            "tp": 18914,
            "fp": 4134,
            "fn": 12450,
            "recall": 0.603048080601964,
            "precision": 0.8206351961124609,
            "f1": 0.6952142909652282
        },
        "batch_27": {
            "tp": 19641,
            "fp": 4272,
            "fn": 12808,
            "recall": 0.6052882985608186,
            "precision": 0.8213524024589136,
            "f1": 0.6969589439693411
        },
        "batch_28": {
            "tp": 20302,
            "fp": 4400,
            "fn": 13303,
            "recall": 0.6041362892426723,
            "precision": 0.8218767711116509,
            "f1": 0.6963829385837036
        },
        "batch_29": {
            "tp": 20962,
            "fp": 4510,
            "fn": 13865,
            "recall": 0.601889338731444,
            "precision": 0.8229428391959799,
            "f1": 0.6952685782517124
        },
        "batch_30": {
            "tp": 21571,
            "fp": 4652,
            "fn": 14282,
            "recall": 0.6016511867905057,
            "precision": 0.8225984822484079,
            "f1": 0.6949867903859784
        },
        "batch_31": {
            "tp": 22176,
            "fp": 4821,
            "fn": 14820,
            "recall": 0.5994161530976322,
            "precision": 0.821424602733637,
            "f1": 0.69307580516619
        },
        "batch_32": {
            "tp": 22893,
            "fp": 4945,
            "fn": 15420,
            "recall": 0.5975256440372719,
            "precision": 0.8223651124362382,
            "f1": 0.6921437317652038
        },
        "batch_33": {
            "tp": 23596,
            "fp": 5095,
            "fn": 15977,
            "recall": 0.5962651302655851,
            "precision": 0.8224181799170471,
            "f1": 0.6913160670338685
        },
        "batch_34": {
            "tp": 24507,
            "fp": 5263,
            "fn": 16405,
            "recall": 0.599017403206883,
            "precision": 0.8232112865300638,
            "f1": 0.6934438753855297
        },
        "batch_35": {
            "tp": 25181,
            "fp": 5402,
            "fn": 17003,
            "recall": 0.5969324862507112,
            "precision": 0.8233659222443841,