{
    "batches": {
        "batch_1": {
            "tp": 295,
            "fp": 33,
            "fn": 59,
            "recall": 0.8333333333333334,
            "precision": 0.899390243902439,
            "f1": 0.8651026392961876
        },
        "batch_2": {
            "tp": 628,
            "fp": 80,
            "fn": 107,
            "recall": 0.854421768707483,
            "precision": 0.8870056497175142,
            "f1": 0.8704088704088705
        },
        "batch_3": {
            "tp": 729,
            "fp": 182,
            "fn": 147,
            "recall": 0.8321917808219178,
            "precision": 0.8002195389681669,
            "f1": 0.8158925573587017
        },
        "batch_4": {
            "tp": 907,
            "fp": 236,
            "fn": 189,
            "recall": 0.8275547445255474,
            "precision": 0.7935258092738408,
            "f1": 0.8101831174631532
        },
        "batch_5": {
            "tp": 1172,
            "fp": 322,
            "fn": 249,
            "recall": 0.824771287825475,
            "precision": 0.784471218206158,
            "f1": 0.8041166380789021
        },
        "batch_6": {
            "tp": 1367,
            "fp": 377,
            "fn": 308,
            "recall": 0.8161194029850747,
            "precision": 0.7838302752293578,
            "f1": 0.7996490201813395
        },
        "batch_7": {
            "tp": 1584,
            "fp": 441,
            "fn": 343,
            "recall": 0.8220031136481578,
            "precision": 0.7822222222222223,
            "f1": 0.8016194331983806
        },
        "batch_8": {
            "tp": 1828,
            "fp": 502,
            "fn": 388,
            "recall": 0.8249097472924187,
            "precision": 0.784549356223176,
            "f1": 0.8042234931808183
        },
        "batch_9": {
            "tp": 1938,
            "fp": 529,
            "fn": 422,
            "recall": 0.8211864406779661,
            "precision": 0.7855695176327523,
            "f1": 0.802983219390926
        },
        "batch_10": {
            "tp": 2162,
            "fp": 580,
            "fn": 470,
            "recall": 0.8214285714285714,
            "precision": 0.788475565280817,
            "f1": 0.8046148120580573
        },
        "batch_11": {
            "tp": 2307,
            "fp": 659,
            "fn": 505,
            "recall": 0.8204125177809388,
            "precision": 0.7778152393796359,
            "f1": 0.7985462097611631
        },
        "batch_12": {
            "tp": 2542,
            "fp": 715,
            "fn": 548,
            "recall": 0.8226537216828479,
            "precision": 0.7804728277556033,
            "f1": 0.8010083504017647
        },
        "batch_13": {
            "tp": 2857,
            "fp": 731,
            "fn": 569,
            "recall": 0.833917104495038,
            "precision": 0.7962653288740246,
            "f1": 0.8146564014827489
        },
        "batch_14": {
            "tp": 3148,
            "fp": 764,
            "fn": 596,
            "recall": 0.8408119658119658,
            "precision": 0.8047034764826176,
            "f1": 0.8223615464994776
        },
        "batch_15": {
            "tp": 3217,
            "fp": 815,
            "fn": 693,
            "recall": 0.8227621483375959,
            "precision": 0.7978670634920635,
            "f1": 0.8101233946109293
        },
        "batch_16": {
            "tp": 3401,
            "fp": 936,
            "fn": 772,
            "recall": 0.8150011981787683,
            "precision": 0.7841826147106294,
            "f1": 0.7992949471210341
        },
        "batch_17": {
            "tp": 3505,
            "fp": 1034,
            "fn": 824,
            "recall": 0.8096558096558096,
            "precision": 0.772196519057061,
            "f1": 0.7904826341903473
        },
        "batch_18": {
            "tp": 3547,
            "fp": 1056,
            "fn": 845,
            "recall": 0.8076047358834244,
            "precision": 0.7705844014772975,
            "f1": 0.7886603668704835
        }
    },
    "batch_cnt": 18,
    "completed": true
}