{
    "batches": {
        "batch_1": {
            "tp": 238,
            "fp": 148,
            "fn": 125,
            "recall": 0.6556473829201102,
            "precision": 0.616580310880829,
            "f1": 0.6355140186915887
        },
        "batch_2": {
            "tp": 332,
            "fp": 242,
            "fn": 162,
            "recall": 0.6720647773279352,
            "precision": 0.578397212543554,
            "f1": 0.6217228464419476
        },
        "batch_3": {
            "tp": 518,
            "fp": 347,
            "fn": 223,
            "recall": 0.699055330634278,
            "precision": 0.5988439306358382,
            "f1": 0.6450809464508095
        },
        "batch_4": {
            "tp": 637,
            "fp": 474,
            "fn": 305,
            "recall": 0.6762208067940552,
            "precision": 0.5733573357335734,
            "f1": 0.6205552849488554
        },
        "batch_5": {
            "tp": 813,
            "fp": 586,
            "fn": 394,
            "recall": 0.6735708367854184,
            "precision": 0.5811293781272338,
            "f1": 0.6239447429009977
        },
        "batch_6": {
            "tp": 1022,
            "fp": 709,
            "fn": 483,
            "recall": 0.6790697674418604,
            "precision": 0.5904101675332178,
            "f1": 0.6316440049443758
        },
        "batch_7": {
            "tp": 1179,
            "fp": 801,
            "fn": 570,
            "recall": 0.6740994854202401,
            "precision": 0.5954545454545455,
            "f1": 0.6323411102172164
        },
        "batch_8": {
            "tp": 1362,
            "fp": 955,
            "fn": 669,
            "recall": 0.670605612998523,
            "precision": 0.5878290893396634,
            "f1": 0.6264949402023919
        },
        "batch_9": {
            "tp": 1541,
            "fp": 1095,
            "fn": 750,
            "recall": 0.6726320384111741,
            "precision": 0.584597875569044,
            "f1": 0.6255327785670793
        },
        "batch_10": {
            "tp": 1672,
            "fp": 1263,
            "fn": 819,
            "recall": 0.6712163789642713,
            "precision": 0.5696763202725724,
            "f1": 0.6162919277552525
        },
        "batch_11": {
            "tp": 1774,
            "fp": 1381,
            "fn": 910,
            "recall": 0.6609538002980626,
            "precision": 0.5622820919175912,
            "f1": 0.6076382942284638
        },
        "batch_12": {
            "tp": 1915,
            "fp": 1500,
            "fn": 981,
            "recall": 0.6612569060773481,
            "precision": 0.5607613469985359,
            "f1": 0.60687688163524
        },
        "batch_13": {
            "tp": 2104,
            "fp": 1631,
            "fn": 1057,
            "recall": 0.6656121480544132,
            "precision": 0.5633199464524766,
            "f1": 0.6102088167053364
        },
        "batch_14": {
            "tp": 2295,
            "fp": 1816,
            "fn": 1142,
            "recall": 0.6677334885074193,
            "precision": 0.5582583313062515,
            "f1": 0.6081081081081081
        },
        "batch_15": {
            "tp": 2505,
            "fp": 2018,
            "fn": 1246,
            "recall": 0.667821914156225,
            "precision": 0.5538359495909795,
            "f1": 0.6055112400290066
        },
        "batch_16": {
            "tp": 2722,
            "fp": 2232,
            "fn": 1405,
            "recall": 0.6595590016961473,
            "precision": 0.5494549858700041,
            "f1": 0.5994934478581655
        },
        "batch_17": {
            "tp": 2962,
            "fp": 2444,
            "fn": 1531,
            "recall": 0.6592477186734921,
            "precision": 0.5479097299297078,
            "f1": 0.5984442873017476
        },
        "batch_18": {
            "tp": 3121,
            "fp": 2598,
            "fn": 1613,
            "recall": 0.6592733417828475,
            "precision": 0.5457247770589264,
            "f1": 0.5971491437864728
        },
        "batch_19": {
            "tp": 3247,
            "fp": 2735,
            "fn": 1690,
            "recall": 0.657686854364999,
            "precision": 0.5427950518221331,
            "f1": 0.594743108343255
        },
        "batch_20": {
            "tp": 3348,
            "fp": 2860,
            "fn": 1759,
            "recall": 0.6555707851967887,
            "precision": 0.5393041237113402,
            "f1": 0.5917808219178082
        },
        "batch_21": {
            "tp": 3426,
            "fp": 2949,
            "fn": 1804,
            "recall": 0.6550669216061186,
            "precision": 0.5374117647058824,
            "f1": 0.5904351572598018
        },
        "batch_22": {
            "tp": 3493,
            "fp": 3002,
            "fn": 1847,
            "recall": 0.6541198501872659,
            "precision": 0.5377983063895304,
            "f1": 0.5902830587241235
        },
        "batch_23": {
            "tp": 3534,
            "fp": 3062,
            "fn": 1879,
            "recall": 0.6528727138370589,
            "precision": 0.5357792601576713,
            "f1": 0.5885585810642018
        },
        "batch_24": {
            "tp": 3593,
            "fp": 3111,
            "fn": 1906,
            "recall": 0.6533915257319513,
            "precision": 0.5359486873508353,
            "f1": 0.588871588953536
        },
        "batch_25": {
            "tp": 3612,
            "fp": 3148,
            "fn": 1910,
            "recall": 0.6541108294096342,
            "precision": 0.5343195266272189,
            "f1": 0.5881778212017585
        },
        "batch_26": {
            "tp": 3647,
            "fp": 3194,
            "fn": 1933,
            "recall": 0.653584229390681,
            "precision": 0.5331091945621985,
            "f1": 0.5872313018275501
        },
        "batch_27": {
            "tp": 3687,
            "fp": 3232,
            "fn": 1966,
            "recall": 0.6522200601450557,
            "precision": 0.5328804740569446,
            "f1": 0.5865415208399618
        },
        "batch_28": {
            "tp": 3747,
            "fp": 3265,
            "fn": 2005,
            "recall": 0.6514255910987483,
            "precision": 0.5343696520250998,
            "f1": 0.5871200250705109
        },
        "batch_29": {
            "tp": 3780,
            "fp": 3325,
            "fn": 2028,
            "recall": 0.6508264462809917,
            "precision": 0.5320197044334976,
            "f1": 0.5854565166886084
        },
        "batch_30": {
            "tp": 3826,
            "fp": 3434,
            "fn": 2082,
            "recall": 0.6475964793500338,
            "precision": 0.5269972451790633,
            "f1": 0.5811057108140947
        },
        "batch_31": {
            "tp": 3902,
            "fp": 3589,
            "fn": 2140,
            "recall": 0.6458126448195962,
            "precision": 0.5208917367507676,
            "f1": 0.5766644498632971
        },
        "batch_32": {
            "tp": 3966,
            "fp": 3683,
            "fn": 2191,
            "recall": 0.6441448757511775,
            "precision": 0.5184991502157145,
            "f1": 0.5745328118209474
        },
        "batch_33": {
            "tp": 4024,
            "fp": 3765,
            "fn": 2241,
            "recall": 0.6422984836392658,
            "precision": 0.516626011041212,
            "f1": 0.572648356339832
        },
        "batch_34": {
            "tp": 4079,
            "fp": 3834,
            "fn": 2259,
            "recall": 0.6435784159040707,
            "precision": 0.5154808542904082,
            "f1": 0.572451056066241
        },
        "batch_35": {
            "tp": 4157,
            "fp": 3919,
            "fn": 2288,
            "recall": 0.6449961210240497,
            "precision": 0.5147350173353145,
            "f1": 0.5725500998553819
        },