{
    "batches": {
        "batch_1": {
            "tp": 191,
            "fp": 107,
            "fn": 76,
            "recall": 0.7153558052434457,
            "precision": 0.6409395973154363,
            "f1": 0.6761061946902653
        },
        "batch_2": {
            "tp": 425,
            "fp": 245,
            "fn": 167,
            "recall": 0.7179054054054054,
            "precision": 0.6343283582089553,
            "f1": 0.6735340729001585
        },
        "batch_3": {
            "tp": 613,
            "fp": 358,
            "fn": 268,
            "recall": 0.695800227014756,
            "precision": 0.631307929969104,
            "f1": 0.661987041036717
        },
        "batch_4": {
            "tp": 843,
            "fp": 494,
            "fn": 377,
            "recall": 0.690983606557377,
            "precision": 0.6305160807778609,
            "f1": 0.6593664450527963
        },
        "batch_5": {
            "tp": 975,
            "fp": 665,
            "fn": 464,
            "recall": 0.6775538568450312,
            "precision": 0.5945121951219512,
            "f1": 0.6333225073075673
        },
        "batch_6": {
            "tp": 1030,
            "fp": 765,
            "fn": 518,
            "recall": 0.665374677002584,
            "precision": 0.5738161559888579,
            "f1": 0.6162129823511816
        },
        "batch_7": {
            "tp": 1217,
            "fp": 891,
            "fn": 614,
            "recall": 0.6646641179683234,
            "precision": 0.5773244781783681,
            "f1": 0.6179233307946179
        },
        "batch_8": {
            "tp": 1416,
            "fp": 1048,
            "fn": 713,
            "recall": 0.6651009863785815,
            "precision": 0.5746753246753247,
            "f1": 0.6165904637491836
        },
        "batch_9": {
            "tp": 1621,
            "fp": 1265,
            "fn": 818,
            "recall": 0.6646166461664617,
            "precision": 0.5616770616770617,
            "f1": 0.6088262910798121
        },
        "batch_10": {
            "tp": 1779,
            "fp": 1499,
            "fn": 938,
            "recall": 0.6547662863452337,
            "precision": 0.5427089688834655,
            "f1": 0.5934945788156797
        },
        "batch_11": {
            "tp": 1951,
            "fp": 1609,
            "fn": 1006,
            "recall": 0.6597903280351708,
            "precision": 0.5480337078651686,
            "f1": 0.5987417523400338
        },
        "batch_12": {
            "tp": 2030,
            "fp": 1701,
            "fn": 1047,
            "recall": 0.6597335066623334,
            "precision": 0.5440900562851783,
            "f1": 0.5963572267920095
        },
        "batch_13": {
            "tp": 2134,
            "fp": 1811,
            "fn": 1101,
            "recall": 0.6596599690880989,
            "precision": 0.5409378960709759,
            "f1": 0.5944289693593314
        },
        "batch_14": {
            "tp": 2242,
            "fp": 1919,
            "fn": 1154,
            "recall": 0.660188457008245,
            "precision": 0.5388127853881278,
            "f1": 0.5933571523091175
        },
        "batch_15": {
            "tp": 2436,
            "fp": 2062,
            "fn": 1278,
            "recall": 0.6558966074313409,
            "precision": 0.5415740329035127,
            "f1": 0.5932781295664882
        },
        "batch_16": {
            "tp": 2616,
            "fp": 2212,
            "fn": 1348,
            "recall": 0.6599394550958627,
            "precision": 0.5418392709196355,
            "f1": 0.5950864422202001
        },
        "batch_17": {
            "tp": 2657,
            "fp": 2377,
            "fn": 1359,
            "recall": 0.6616035856573705,
            "precision": 0.5278108859753675,
            "f1": 0.587182320441989
        },
        "batch_18": {
            "tp": 2788,
            "fp": 2466,
            "fn": 1417,
            "recall": 0.6630202140309156,
            "precision": 0.5306433193757137,
            "f1": 0.589491489586637
        },
        "batch_19": {
            "tp": 2899,
            "fp": 2565,
            "fn": 1499,
            "recall": 0.6591632560254661,
            "precision": 0.5305636896046853,
            "f1": 0.5879132021902251
        },
        "batch_20": {
            "tp": 3048,
            "fp": 2680,
            "fn": 1550,
            "recall": 0.6628969117007395,
            "precision": 0.5321229050279329,
            "f1": 0.5903544450900639
        },
        "batch_21": {
            "tp": 3118,
            "fp": 2759,
            "fn": 1605,
            "recall": 0.6601736184628414,
            "precision": 0.5305427939424877,
            "f1": 0.5883018867924529
        },
        "batch_22": {
            "tp": 3125,
            "fp": 2806,
            "fn": 1609,
            "recall": 0.6601182931981411,
            "precision": 0.5268925982127803,
            "f1": 0.5860290670417253
        },
        "batch_23": {
            "tp": 3207,
            "fp": 2893,
            "fn": 1697,
            "recall": 0.6539559543230016,
            "precision": 0.5257377049180327,
            "f1": 0.5828789531079607
        },
        "batch_24": {
            "tp": 3293,
            "fp": 2953,
            "fn": 1763,
            "recall": 0.6513053797468354,
            "precision": 0.5272174191482549,
            "f1": 0.5827287205804283
        },
        "batch_25": {
            "tp": 3340,
            "fp": 3003,
            "fn": 1805,
            "recall": 0.6491739552964043,
            "precision": 0.5265647170108781,
            "f1": 0.5814763231197773
        },
        "batch_26": {
            "tp": 3424,
            "fp": 3067,
            "fn": 1873,
            "recall": 0.6464036246932225,
            "precision": 0.5274996148513326,
            "f1": 0.5809297590770275
        },
        "batch_27": {
            "tp": 3514,
            "fp": 3126,
            "fn": 1953,
            "recall": 0.6427656850192062,
            "precision": 0.5292168674698795,
            "f1": 0.5804906252581151
        },
        "batch_28": {
            "tp": 3551,
            "fp": 3172,
            "fn": 1999,
            "recall": 0.6398198198198198,
            "precision": 0.5281868213595121,
            "f1": 0.5786686221787664
        },
        "batch_29": {
            "tp": 3598,
            "fp": 3226,
            "fn": 2034,
            "recall": 0.6388494318181818,
            "precision": 0.5272567409144197,
            "f1": 0.5777135517019909
        },
        "batch_30": {
            "tp": 3634,
            "fp": 3277,
            "fn": 2058,
            "recall": 0.6384399156711174,
            "precision": 0.5258283895239473,
            "f1": 0.5766880901372688
        },
        "batch_31": {
            "tp": 3677,
            "fp": 3347,
            "fn": 2078,
            "recall": 0.6389226759339705,
            "precision": 0.523490888382688,
            "f1": 0.5754753893105877
        },
        "batch_32": {
            "tp": 3836,
            "fp": 3444,
            "fn": 2143,
            "recall": 0.6415788593410269,
            "precision": 0.5269230769230769,
            "f1": 0.5786258390527189
        },
        "batch_33": {
            "tp": 3961,
            "fp": 3585,
            "fn": 2211,
            "recall": 0.6417692806221647,
            "precision": 0.5249138616485556,
            "f1": 0.5774894299460563
        },
        "batch_34": {
            "tp": 4099,
            "fp": 3755,
            "fn": 2322,
            "recall": 0.6383740850334839,
            "precision": 0.5218996689584925,
            "f1": 0.5742907180385289
        },
        "batch_35": {
            "tp": 4151,
            "fp": 3849,
            "fn": 2355,
            "recall": 0.6380264371349523,
            "precision": 0.518875,
            "f1": 0.5723149041775818
        },