{
    "batches": {
        "batch_1": {
            "tp": 247,
            "fp": 43,
            "fn": 109,
            "recall": 0.6938202247191011,
            "precision": 0.8517241379310345,
            "f1": 0.7647058823529411
        },
        "batch_2": {
            "tp": 519,
            "fp": 118,
            "fn": 204,
            "recall": 0.7178423236514523,
            "precision": 0.814756671899529,
            "f1": 0.763235294117647
        },
        "batch_3": {
            "tp": 568,
            "fp": 243,
            "fn": 314,
            "recall": 0.6439909297052154,
            "precision": 0.7003699136868065,
            "f1": 0.6709982279976373
        },
        "batch_4": {
            "tp": 695,
            "fp": 284,
            "fn": 422,
            "recall": 0.622202327663384,
            "precision": 0.7099080694586313,
            "f1": 0.6631679389312977
        },
        "batch_5": {
            "tp": 880,
            "fp": 368,
            "fn": 566,
            "recall": 0.6085753803596127,
            "precision": 0.7051282051282052,
            "f1": 0.6533036377134372
        },
        "batch_6": {
            "tp": 1031,
            "fp": 443,
            "fn": 672,
            "recall": 0.6054022313564298,
            "precision": 0.6994572591587517,
            "f1": 0.6490399748190117
        },
        "batch_7": {
            "tp": 1178,
            "fp": 507,
            "fn": 779,
            "recall": 0.6019417475728155,
            "precision": 0.6991097922848665,
            "f1": 0.6468973091707854
        },
        "batch_8": {
            "tp": 1350,
            "fp": 558,
            "fn": 890,
            "recall": 0.6026785714285714,
            "precision": 0.7075471698113207,
            "f1": 0.6509161041465766
        },
        "batch_9": {
            "tp": 1426,
            "fp": 598,
            "fn": 961,
            "recall": 0.5974025974025974,
            "precision": 0.7045454545454546,
            "f1": 0.6465654046701428
        },
        "batch_10": {
            "tp": 1589,
            "fp": 656,
            "fn": 1070,
            "recall": 0.5975930801053028,
            "precision": 0.7077951002227172,
            "f1": 0.6480424143556281
        },
        "batch_11": {
            "tp": 1691,
            "fp": 735,
            "fn": 1150,
            "recall": 0.595212953185498,
            "precision": 0.6970321516900247,
            "f1": 0.6421112587810898
        },
        "batch_12": {
            "tp": 1858,
            "fp": 806,
            "fn": 1262,
            "recall": 0.5955128205128205,
            "precision": 0.6974474474474475,
            "f1": 0.6424619640387275
        },
        "batch_13": {
            "tp": 2174,
            "fp": 829,
            "fn": 1282,
            "recall": 0.6290509259259259,
            "precision": 0.723942723942724,
            "f1": 0.6731692212416783
        },
        "batch_14": {
            "tp": 2457,
            "fp": 860,
            "fn": 1317,
            "recall": 0.651033386327504,
            "precision": 0.7407295749170938,
            "f1": 0.6929911154985193
        },
        "batch_15": {
            "tp": 2481,
            "fp": 926,
            "fn": 1457,
            "recall": 0.6300152361604876,
            "precision": 0.7282066334018198,
            "f1": 0.6755616065350579
        },
        "batch_16": {
            "tp": 2619,
            "fp": 1015,
            "fn": 1620,
            "recall": 0.6178343949044586,
            "precision": 0.720693450742983,
            "f1": 0.6653118252254541
        },
        "batch_17": {
            "tp": 2672,
            "fp": 1143,
            "fn": 1727,
            "recall": 0.6074107751761764,
            "precision": 0.7003931847968545,
            "f1": 0.6505965424884343
        },
        "batch_18": {
            "tp": 2698,
            "fp": 1155,
            "fn": 1770,
            "recall": 0.6038495971351835,
            "precision": 0.7002335842200882,
            "f1": 0.6484797500300445
        }
    },
    "batch_cnt": 18,
    "completed": true
}